ID,Level,Final
0,Critical Reflection,3
1,Simple Reflection,3
2,Simple Reflection,3
3,Simple Reflection,2
4,Simple Reflection,2
5,Simple Reflection,2
6,Critical Reflection,4
7,Critical Reflection,2
8,Simple Reflection,2
9,Simple Reflection,3
10,Understanding,1
11,Critical Reflection,3
12,Simple Reflection,3
13,Simple Reflection,2
14,Simple Reflection,3
15,Simple Reflection,2
16,Simple Reflection,2
17,Simple Reflection,2
18,Simple Reflection,2
19,Critical Reflection,3
20,Simple Reflection,2
21,Simple Reflection,2
22,Critical Reflection,4
23,Understanding,2
24,Simple Reflection,4
25,Simple Reflection,2
26,Simple Reflection,2
27,Simple Reflection,2
28,Simple Reflection,2
29,Simple Reflection,2
30,Critical Reflection,4
31,Critical Reflection,3
32,Simple Reflection,2
33,Understanding,1
34,Critical Reflection,3
35,Simple Reflection,3
36,Simple Reflection,3
37,Critical Reflection,2
38,Critical Reflection,3
39,Simple Reflection,3
40,Simple Reflection,1
41,Simple Reflection,1
42,Simple Reflection,3
43,Critical Reflection,4
44,Critical Reflection,3
45,Simple Reflection,2
46,Simple Reflection,2
47,Simple Reflection,2
48,Simple Reflection,2
49,Simple Reflection,2
50,Simple Reflection,2
51,Simple Reflection,2
52,Critical Reflection,4
53,Simple Reflection,2
54,Simple Reflection,2
55,Simple Reflection,2
56,Critical Reflection,3
57,Critical Reflection,3
58,Simple Reflection,1
59,Simple Reflection,2
60,Critical Reflection,3
61,No-Reflection,1
62,Simple Reflection,1
63,Simple Reflection,2
64,Simple Reflection,2
65,Simple Reflection,3
66,Simple Reflection,2
67,Simple Reflection,2
68,Critical Reflection,2
69,Critical Reflection,4
70,Simple Reflection,4
71,Simple Reflection,1
72,Simple Reflection,2
73,Simple Reflection,2
74,Critical Reflection,3
75,Simple Reflection,2
76,Simple Reflection,3
77,Critical Reflection,2
78,Critical Reflection,3
79,Simple Reflection,2
80,Simple Reflection,3
81,Critical Reflection,2
82,Simple Reflection,2
83,Critical Reflection,3
84,Simple Reflection,2
85,Simple Reflection,2
86,Simple Reflection,2
87,Simple Reflection,4
88,Simple Reflection,3
89,Simple Reflection,3
90,Critical Reflection,2
91,Simple Reflection,2
92,Simple Reflection,3
93,Simple Reflection,1
94,Simple Reflection,3
95,Critical Reflection,3
96,Critical Reflection,3
97,Simple Reflection,3
98,Simple Reflection,1
99,Simple Reflection,2
100,Critical Reflection,3
101,Critical Reflection,3
102,Simple Reflection,3
103,Simple Reflection,2
104,Simple Reflection,2
105,Understanding,1
106,Critical Reflection,3
107,Simple Reflection,2
108,Simple Reflection,3
109,Critical Reflection,4
110,Critical Reflection,3
111,Simple Reflection,2
112,Critical Reflection,3
113,Simple Reflection,2
114,Simple Reflection,3
115,Simple Reflection,4
116,Simple Reflection,1
117,Critical Reflection,3
118,Simple Reflection,2
119,Simple Reflection,3
120,Simple Reflection,2
121,Simple Reflection,2
122,Simple Reflection,3
123,Simple Reflection,3
124,Critical Reflection,3
125,Critical Reflection,3
126,Critical Reflection,3
127,Simple Reflection,3
128,Critical Reflection,2
129,Simple Reflection,1
130,Critical Reflection,3
131,Simple Reflection,2
132,Simple Reflection,3
133,Critical Reflection,3
134,Simple Reflection,3
135,Critical Reflection,2
136,Simple Reflection,3
137,Simple Reflection,1
138,Simple Reflection,2
139,Simple Reflection,3
140,Simple Reflection,3
141,Critical Reflection,4
142,Critical Reflection,3
143,Simple Reflection,3
144,Simple Reflection,2
145,Critical Reflection,2
146,Simple Reflection,3
147,Simple Reflection,1
148,Simple Reflection,3
149,Critical Reflection,2
150,Simple Reflection,3
151,Critical Reflection,3
152,Simple Reflection,3
153,Simple Reflection,2
154,Critical Reflection,4
155,Critical Reflection,2
156,Simple Reflection,3
157,Simple Reflection,3
158,Simple Reflection,2
159,Critical Reflection,3
160,Critical Reflection,3
161,Critical Reflection,4
162,Simple Reflection,2
163,Critical Reflection,3
164,Simple Reflection,2
165,Simple Reflection,2
166,Simple Reflection,3
167,Critical Reflection,3
168,Simple Reflection,3
169,Simple Reflection,2
170,Simple Reflection,3
171,Simple Reflection,2
172,Simple Reflection,2
173,Critical Reflection,3
174,Simple Reflection,2
175,Simple Reflection,2
176,Critical Reflection,3
177,Understanding,1
178,Simple Reflection,3
179,Critical Reflection,2
180,Simple Reflection,2
181,Simple Reflection,2
182,Simple Reflection,2
183,Simple Reflection,2
184,Simple Reflection,3
185,Critical Reflection,4
186,Simple Reflection,2
187,Critical Reflection,2
188,Simple Reflection,2
189,Simple Reflection,1
190,Critical Reflection,3
191,Simple Reflection,2
192,Critical Reflection,4
193,Critical Reflection,3
194,Simple Reflection,3
195,Simple Reflection,3
196,Simple Reflection,3
197,Simple Reflection,3
198,Critical Reflection,3
199,Critical Reflection,4
200,Simple Reflection,2
201,Critical Reflection,3
202,Critical Reflection,3
203,Simple Reflection,3
204,Critical Reflection,4
205,Critical Reflection,3
206,Simple Reflection,2
207,Simple Reflection,1
208,Critical Reflection,4
209,Simple Reflection,2
210,Simple Reflection,3
211,Simple Reflection,2
212,Simple Reflection,1
213,Simple Reflection,1
214,Critical Reflection,2
215,Critical Reflection,4
216,Critical Reflection,4
217,Critical Reflection,3
218,Critical Reflection,4
219,Critical Reflection,3
220,Simple Reflection,2
221,Simple Reflection,1
222,Understanding,1
223,Simple Reflection,3
224,Simple Reflection,3
225,Critical Reflection,4
226,Simple Reflection,2
227,Simple Reflection,3
228,Simple Reflection,2
229,Simple Reflection,2
230,Understanding,1
231,Simple Reflection,3
232,Critical Reflection,3
233,Critical Reflection,4
234,Critical Reflection,4
235,Simple Reflection,3
236,Critical Reflection,4
237,Simple Reflection,2
238,Critical Reflection,3
239,Simple Reflection,2
240,Simple Reflection,2
241,Simple Reflection,2
242,Critical Reflection,2
243,Understanding,1
244,Simple Reflection,1
245,Simple Reflection,2
246,Simple Reflection,3
247,Simple Reflection,3
248,Simple Reflection,2
249,Simple Reflection,2
250,Simple Reflection,3
251,Simple Reflection,3
252,Simple Reflection,2
253,Critical Reflection,3
254,Simple Reflection,3
255,Simple Reflection,2
256,Simple Reflection,3
257,Critical Reflection,3
258,Critical Reflection,3
259,Simple Reflection,3
260,Simple Reflection,3
261,Critical Reflection,3
262,Simple Reflection,2
263,Simple Reflection,3
264,Simple Reflection,3
265,Simple Reflection,2
266,Simple Reflection,2
267,Simple Reflection,3
268,Simple Reflection,2
269,Simple Reflection,2
270,Simple Reflection,2
271,Critical Reflection,3
272,Simple Reflection,2
273,Critical Reflection,3
274,Simple Reflection,3
275,Simple Reflection,2
276,Simple Reflection,2
277,Critical Reflection,3
278,Understanding,2
279,Simple Reflection,2
280,Critical Reflection,3
281,Simple Reflection,1
282,Simple Reflection,2
283,Simple Reflection,1
284,Simple Reflection,2
285,Simple Reflection,2
286,Simple Reflection,2
287,Critical Reflection,3
288,Simple Reflection,3
289,Critical Reflection,2
290,Simple Reflection,2
291,Simple Reflection,2
292,Simple Reflection,2
293,Simple Reflection,2
294,Simple Reflection,3
295,Simple Reflection,3
296,Simple Reflection,2
297,Critical Reflection,3
298,Simple Reflection,2
299,Simple Reflection,2
300,Critical Reflection,3
301,Simple Reflection,2
302,Critical Reflection,2
303,Simple Reflection,2
304,Simple Reflection,2
305,Critical Reflection,2
306,Simple Reflection,3
307,Critical Reflection,3
308,Simple Reflection,2
309,Critical Reflection,2
310,Simple Reflection,2
311,Simple Reflection,3
312,Simple Reflection,3
313,Simple Reflection,3
314,Simple Reflection,3
315,Simple Reflection,2
316,Critical Reflection,2
317,Simple Reflection,3
318,Critical Reflection,3
319,Critical Reflection,3
320,Simple Reflection,2
321,Critical Reflection,3
322,Critical Reflection,3
323,Simple Reflection,2
324,Simple Reflection,2
325,Simple Reflection,2
326,Critical Reflection,3
327,Critical Reflection,2
328,Simple Reflection,1
329,Simple Reflection,2
330,Critical Reflection,3
331,Critical Reflection,2
332,Simple Reflection,2
333,Simple Reflection,2
334,Critical Reflection,3
335,Simple Reflection,3
336,Simple Reflection,2
337,Simple Reflection,2
338,Simple Reflection,3
339,Critical Reflection,3
340,Simple Reflection,2
341,Critical Reflection,3
342,Simple Reflection,2
343,Critical Reflection,3
344,Critical Reflection,4
345,Simple Reflection,2
346,Simple Reflection,3
347,Simple Reflection,2
348,Simple Reflection,2
349,Simple Reflection,2
350,Simple Reflection,3
351,Simple Reflection,2
352,Simple Reflection,3
353,Critical Reflection,3
354,Simple Reflection,3
355,Critical Reflection,3
356,Simple Reflection,2
357,Simple Reflection,2
358,Simple Reflection,1
359,Simple Reflection,2
360,Critical Reflection,3
361,Simple Reflection,3
362,Simple Reflection,2
363,Simple Reflection,2
364,Critical Reflection,3
365,Simple Reflection,3
366,Simple Reflection,3
367,Critical Reflection,3
368,Simple Reflection,2
369,Simple Reflection,2
370,Critical Reflection,3
371,Simple Reflection,3
372,Critical Reflection,3
373,Simple Reflection,3
374,Simple Reflection,3
375,Simple Reflection,2
376,Simple Reflection,2
377,Simple Reflection,3
378,Critical Reflection,3
379,Critical Reflection,4
380,Simple Reflection,3
381,Simple Reflection,2
382,Simple Reflection,3
383,Simple Reflection,3
384,Simple Reflection,2
385,Critical Reflection,3
386,Critical Reflection,2
387,Simple Reflection,3
388,Simple Reflection,2
389,Simple Reflection,2
390,Simple Reflection,3
391,Simple Reflection,2
392,Critical Reflection,3
393,Simple Reflection,3
394,Critical Reflection,3
395,Simple Reflection,2
396,Simple Reflection,2
397,Simple Reflection,3
398,Critical Reflection,4
399,Critical Reflection,3
400,Simple Reflection,3
401,Critical Reflection,3
402,Simple Reflection,2
403,Simple Reflection,4
404,Simple Reflection,3
405,Simple Reflection,3
406,Critical Reflection,3
407,Simple Reflection,3
408,Simple Reflection,2
409,Critical Reflection,3
410,Simple Reflection,3
411,Simple Reflection,2
412,Simple Reflection,3
413,Critical Reflection,3
414,Simple Reflection,2
415,Simple Reflection,3
416,Simple Reflection,3
417,Critical Reflection,3
418,No-Reflection,2
419,Simple Reflection,2
420,Simple Reflection,2
421,Simple Reflection,2
422,Simple Reflection,3
423,Simple Reflection,3
424,Critical Reflection,2
425,Simple Reflection,3
426,Critical Reflection,3
427,Simple Reflection,3
428,Simple Reflection,2
429,Understanding,1
430,Simple Reflection,2
431,Critical Reflection,3
432,Simple Reflection,2
433,Critical Reflection,3
434,Critical Reflection,4
435,Simple Reflection,3
436,Critical Reflection,2
437,Simple Reflection,3
438,Simple Reflection,3
439,Critical Reflection,3
440,Simple Reflection,3
441,Simple Reflection,3
442,Critical Reflection,3
443,Simple Reflection,2
444,Critical Reflection,4
445,Simple Reflection,2
446,Critical Reflection,4
447,Simple Reflection,3
448,Simple Reflection,1
449,Critical Reflection,4
450,Simple Reflection,2
451,Critical Reflection,3
452,Simple Reflection,2
453,Critical Reflection,2
454,Simple Reflection,2
455,Simple Reflection,3
456,Simple Reflection,3
457,Simple Reflection,3
458,Simple Reflection,2
459,Simple Reflection,2
460,Simple Reflection,1
461,Simple Reflection,2
462,Simple Reflection,2
463,Simple Reflection,2
464,Critical Reflection,3
465,Simple Reflection,2
466,Critical Reflection,3
467,Critical Reflection,3
468,Simple Reflection,2
469,Critical Reflection,2
470,Simple Reflection,3
471,Simple Reflection,1
472,Simple Reflection,2
473,Simple Reflection,2
474,Simple Reflection,2
475,Simple Reflection,2
476,Simple Reflection,2
477,Critical Reflection,2
478,Simple Reflection,2
479,Simple Reflection,2
480,Simple Reflection,2
481,Simple Reflection,2
482,Simple Reflection,3
483,Critical Reflection,3
484,Simple Reflection,2
485,Simple Reflection,2
486,Simple Reflection,3
487,Simple Reflection,2
488,Simple Reflection,2
489,Critical Reflection,3
490,Simple Reflection,2
491,Simple Reflection,2
492,Simple Reflection,3
493,Understanding,1
494,Simple Reflection,2
495,Simple Reflection,2
496,Simple Reflection,4
497,Simple Reflection,2
498,Simple Reflection,1
499,Simple Reflection,2
500,Critical Reflection,3
501,Simple Reflection,3
502,Simple Reflection,2
503,Critical Reflection,2
504,Simple Reflection,4
505,Critical Reflection,3
506,Simple Reflection,2
507,Simple Reflection,1
508,Understanding,2
509,Simple Reflection,2
510,Simple Reflection,3
511,Simple Reflection,4
512,Critical Reflection,3
513,Simple Reflection,3
514,Simple Reflection,2
515,Simple Reflection,3
516,Simple Reflection,3
517,Critical Reflection,2
518,Simple Reflection,3
519,Simple Reflection,1
520,Critical Reflection,4
521,Critical Reflection,2
522,Critical Reflection,4
523,Simple Reflection,3
524,Simple Reflection,2
525,Simple Reflection,2
526,Simple Reflection,3
527,Critical Reflection,3
528,Critical Reflection,2
529,Simple Reflection,2
530,Simple Reflection,2
531,Simple Reflection,2
532,Simple Reflection,2
533,Simple Reflection,1
534,Simple Reflection,3
535,Simple Reflection,2
536,Simple Reflection,2
537,Understanding,1
538,Simple Reflection,2
539,Simple Reflection,2
540,Simple Reflection,3
541,Simple Reflection,4
542,Simple Reflection,1
543,Simple Reflection,2
544,Simple Reflection,1
545,Simple Reflection,1
546,Simple Reflection,1
547,Simple Reflection,2
548,Simple Reflection,4
549,Simple Reflection,2
550,Simple Reflection,1
551,Simple Reflection,2
552,Critical Reflection,3
553,Simple Reflection,3
554,Critical Reflection,3
555,Simple Reflection,2
556,Simple Reflection,3
557,Simple Reflection,2
558,No-Reflection,1
559,Critical Reflection,3
560,Simple Reflection,2
561,Simple Reflection,2
562,Critical Reflection,2
563,Critical Reflection,3
564,Critical Reflection,3
565,Critical Reflection,4
566,Critical Reflection,3
567,Simple Reflection,2
568,Critical Reflection,3
569,Critical Reflection,3
570,Simple Reflection,2
571,Simple Reflection,2
572,Simple Reflection,2
573,Simple Reflection,1
574,Simple Reflection,2
575,Simple Reflection,1
576,Simple Reflection,2
577,Simple Reflection,2
578,Simple Reflection,3
579,Simple Reflection,2
580,Simple Reflection,2
581,Simple Reflection,3
582,Simple Reflection,3
583,Critical Reflection,3
584,Simple Reflection,2
585,Simple Reflection,2
586,Critical Reflection,3
587,Simple Reflection,2
588,Simple Reflection,4
589,Simple Reflection,2
590,Simple Reflection,2
591,Simple Reflection,2
592,Critical Reflection,3
593,Critical Reflection,3
594,Simple Reflection,2
595,Simple Reflection,1
596,Simple Reflection,3
597,Simple Reflection,2
598,Simple Reflection,3
599,Critical Reflection,2
600,Understanding,1
601,Simple Reflection,1
602,Critical Reflection,4
603,Simple Reflection,2
604,Critical Reflection,3
605,Simple Reflection,2
606,Simple Reflection,2
607,Simple Reflection,2
608,Simple Reflection,2
609,Critical Reflection,3
610,Simple Reflection,1
611,Simple Reflection,2
612,Simple Reflection,2
613,Simple Reflection,2
614,Simple Reflection,2
615,Simple Reflection,2
616,Simple Reflection,1
617,Critical Reflection,1
618,Simple Reflection,2
619,Critical Reflection,3
620,Critical Reflection,3
621,Simple Reflection,2
622,Simple Reflection,2
623,Critical Reflection,3
624,Simple Reflection,2
625,Simple Reflection,2
626,Simple Reflection,2
627,Critical Reflection,2
628,Simple Reflection,2
629,Simple Reflection,2
630,Critical Reflection,3
631,Simple Reflection,3
632,Simple Reflection,2
633,Critical Reflection,3
634,Critical Reflection,4
635,Simple Reflection,2
636,Simple Reflection,2
637,Understanding,1
638,Simple Reflection,3
639,Simple Reflection,3
640,Simple Reflection,2
641,Critical Reflection,4
642,No-Reflection,1
643,Simple Reflection,3
644,Critical Reflection,2
645,Simple Reflection,2
646,Simple Reflection,2
647,Critical Reflection,3
648,Critical Reflection,3
649,Simple Reflection,3
650,Critical Reflection,3
651,Critical Reflection,4
652,Simple Reflection,2
653,Simple Reflection,3
654,Simple Reflection,3
655,Critical Reflection,2
656,Simple Reflection,2
657,Simple Reflection,3
658,Simple Reflection,2
659,Simple Reflection,2
660,Critical Reflection,3
661,Critical Reflection,2
662,Simple Reflection,3
663,Simple Reflection,2
664,Critical Reflection,3
665,Simple Reflection,3
666,Simple Reflection,3
667,Simple Reflection,3
668,Simple Reflection,2
669,Critical Reflection,4
670,Critical Reflection,3
671,Critical Reflection,3
672,Simple Reflection,3
673,Simple Reflection,2
674,Simple Reflection,2
675,Simple Reflection,3
676,Understanding,1
677,Understanding,1
678,Critical Reflection,3
679,Critical Reflection,3
680,Critical Reflection,4
681,Critical Reflection,3
682,Critical Reflection,3
683,Simple Reflection,1
684,Simple Reflection,2
685,Simple Reflection,3
686,Simple Reflection,2
687,Simple Reflection,2
688,Simple Reflection,1
689,Simple Reflection,3
690,Simple Reflection,2
691,Simple Reflection,2
692,Simple Reflection,2
693,Simple Reflection,2
694,Simple Reflection,3
695,Simple Reflection,2
696,Simple Reflection,1
697,Simple Reflection,2
698,Understanding,1
699,Simple Reflection,2
700,Simple Reflection,2
701,Simple Reflection,4
702,Simple Reflection,3
703,Simple Reflection,2
704,Simple Reflection,2
705,Simple Reflection,4
706,Simple Reflection,2
707,Simple Reflection,2
708,Simple Reflection,2
709,Simple Reflection,1
710,Simple Reflection,2
711,Simple Reflection,3
712,Critical Reflection,3
713,Simple Reflection,3
714,Understanding,1
715,Simple Reflection,4
716,Simple Reflection,2
717,Critical Reflection,3
718,Simple Reflection,2
719,Simple Reflection,2
720,Simple Reflection,4
721,Simple Reflection,3
722,Simple Reflection,3
723,Simple Reflection,2
724,Simple Reflection,3
725,Understanding,1
726,Simple Reflection,2
727,Simple Reflection,3
728,Simple Reflection,2
729,Simple Reflection,2
730,Simple Reflection,2
731,Simple Reflection,2
732,Simple Reflection,2
733,Simple Reflection,2
734,Simple Reflection,2
735,Simple Reflection,3
736,Simple Reflection,2
737,Simple Reflection,3
738,Critical Reflection,2
739,Critical Reflection,3
740,Simple Reflection,2
741,Simple Reflection,1
742,Simple Reflection,1
743,Critical Reflection,3
744,Simple Reflection,2
745,Simple Reflection,2
746,Simple Reflection,2
747,Critical Reflection,3
748,Simple Reflection,2
749,Simple Reflection,2
750,Simple Reflection,2
751,Simple Reflection,4
752,Simple Reflection,3
753,Simple Reflection,2
754,Simple Reflection,2
755,Simple Reflection,2
756,Simple Reflection,1
757,Simple Reflection,3
758,Simple Reflection,2
759,Critical Reflection,3
760,Simple Reflection,3
761,Simple Reflection,2
762,Simple Reflection,2
763,Simple Reflection,2
764,Critical Reflection,3
765,Simple Reflection,3
766,Simple Reflection,3
767,Simple Reflection,2
768,Simple Reflection,1
769,Simple Reflection,3
770,Critical Reflection,3
771,Critical Reflection,4
772,Simple Reflection,3
773,Simple Reflection,2
774,Simple Reflection,2
775,Simple Reflection,2
776,Simple Reflection,3
777,Critical Reflection,4
778,Critical Reflection,4
779,Simple Reflection,1
780,Critical Reflection,3
781,Simple Reflection,2
782,Simple Reflection,3
783,Simple Reflection,2
784,Simple Reflection,2
785,Critical Reflection,2
786,Simple Reflection,2
787,Simple Reflection,2
788,Simple Reflection,3
789,Simple Reflection,2
790,Simple Reflection,2
791,Critical Reflection,3
792,Simple Reflection,1
793,Simple Reflection,3
794,Simple Reflection,2
795,Simple Reflection,3
796,No-Reflection,1
797,Simple Reflection,3
798,Simple Reflection,1
799,Critical Reflection,3
800,Simple Reflection,2
801,Critical Reflection,3
802,Simple Reflection,1
803,Simple Reflection,1
804,Simple Reflection,2
805,Simple Reflection,3
806,Simple Reflection,4
807,Simple Reflection,1
808,Simple Reflection,3
809,Simple Reflection,1
810,Simple Reflection,3
811,Simple Reflection,2
812,Simple Reflection,3
813,Simple Reflection,3
814,Critical Reflection,3
815,Simple Reflection,2
816,Simple Reflection,2
817,Simple Reflection,3
818,Simple Reflection,3
819,Simple Reflection,2
820,Simple Reflection,4
821,Simple Reflection,2
822,Simple Reflection,3
823,Simple Reflection,4
824,Critical Reflection,3
825,Simple Reflection,2
826,Simple Reflection,2
827,Simple Reflection,2
828,Simple Reflection,3
829,Understanding,2
830,Simple Reflection,3
831,Critical Reflection,3
832,Simple Reflection,1
833,Simple Reflection,1
834,Simple Reflection,2
835,Simple Reflection,3
836,Simple Reflection,3
837,Simple Reflection,2
838,Simple Reflection,3
839,Simple Reflection,1
840,Critical Reflection,3
841,Simple Reflection,2
842,Understanding,1
843,Simple Reflection,3
844,Simple Reflection,3
845,Simple Reflection,1
846,Simple Reflection,2
847,Critical Reflection,3
848,Simple Reflection,3
849,Simple Reflection,2
850,Simple Reflection,3
851,Simple Reflection,3
852,Simple Reflection,3
853,Simple Reflection,2
854,Critical Reflection,4
855,Simple Reflection,1
856,Simple Reflection,3
857,Simple Reflection,1
858,Simple Reflection,3
859,Critical Reflection,3
860,Simple Reflection,4
861,Critical Reflection,3
862,Simple Reflection,2
863,Simple Reflection,1
864,Critical Reflection,2
865,Critical Reflection,3
866,Simple Reflection,3
867,Simple Reflection,3
868,Simple Reflection,3
869,Simple Reflection,2
870,Simple Reflection,2
871,Simple Reflection,3
872,Simple Reflection,3
873,Simple Reflection,3
874,Simple Reflection,3
875,Simple Reflection,3
876,Understanding,1
877,Critical Reflection,3
878,Simple Reflection,2
879,Simple Reflection,2
880,Critical Reflection,3
881,Simple Reflection,3
882,Simple Reflection,3
883,Simple Reflection,3
884,Simple Reflection,1
885,Simple Reflection,3
886,Simple Reflection,4
887,Simple Reflection,2
888,Simple Reflection,1
889,Critical Reflection,4
890,Simple Reflection,3
891,No-Reflection,1
892,Simple Reflection,1
893,Critical Reflection,2
894,Critical Reflection,3
895,Simple Reflection,2
896,Simple Reflection,1
897,Critical Reflection,3
898,Simple Reflection,3
899,Simple Reflection,2
900,Simple Reflection,2
901,Critical Reflection,3
902,Simple Reflection,2
903,Simple Reflection,3
904,Simple Reflection,3
905,Simple Reflection,2
906,Simple Reflection,2
907,Simple Reflection,2
908,Simple Reflection,1
909,Simple Reflection,1
910,Simple Reflection,1
911,Understanding,2
912,Simple Reflection,4
913,Simple Reflection,1
914,Simple Reflection,1
915,Critical Reflection,4
916,Critical Reflection,3
917,Simple Reflection,3
918,Simple Reflection,1
919,Simple Reflection,3
920,Simple Reflection,2
921,Simple Reflection,4
922,Critical Reflection,4
923,Simple Reflection,2
924,Simple Reflection,2
925,Critical Reflection,3
926,Critical Reflection,3
927,Simple Reflection,1
928,Simple Reflection,2
929,Simple Reflection,2
930,Simple Reflection,3
931,Understanding,2
932,Simple Reflection,3
933,Simple Reflection,3
934,Simple Reflection,3
935,Simple Reflection,1
936,Simple Reflection,2
937,Simple Reflection,2
938,Simple Reflection,1
939,Simple Reflection,2
940,Simple Reflection,2
941,Simple Reflection,2
942,Simple Reflection,3
943,Simple Reflection,3
944,Simple Reflection,2
945,Simple Reflection,2
946,Simple Reflection,2
947,Simple Reflection,1
948,Simple Reflection,3
949,Simple Reflection,3
950,Simple Reflection,2
951,Simple Reflection,2
952,Simple Reflection,3
953,Simple Reflection,3
954,Simple Reflection,3
955,Simple Reflection,2
956,Simple Reflection,2
957,Simple Reflection,1
958,Simple Reflection,1
959,Simple Reflection,3
960,Understanding,2
961,Critical Reflection,3
962,Critical Reflection,3
963,Critical Reflection,4
964,Critical Reflection,3
965,Simple Reflection,3
966,Simple Reflection,3
967,Simple Reflection,2
968,Simple Reflection,3
969,Simple Reflection,3
970,Simple Reflection,3
971,Simple Reflection,3
972,Critical Reflection,3
973,Critical Reflection,4
974,Simple Reflection,2
975,Simple Reflection,3
976,Critical Reflection,3
977,Simple Reflection,1
978,Simple Reflection,3
979,Simple Reflection,2
980,Simple Reflection,2
981,Simple Reflection,4
982,Simple Reflection,1
983,Simple Reflection,2
984,Simple Reflection,1
985,Simple Reflection,3
986,Simple Reflection,3
987,Critical Reflection,4
988,Simple Reflection,3
989,Critical Reflection,3
990,Simple Reflection,2
991,Simple Reflection,1
992,Simple Reflection,1
993,Simple Reflection,1
994,Simple Reflection,2
995,Simple Reflection,2
996,Simple Reflection,3
997,Simple Reflection,1
998,Critical Reflection,3
999,Simple Reflection,2
1000,Simple Reflection,2
1001,Simple Reflection,1
1002,Simple Reflection,3
1003,Simple Reflection,3
1004,Critical Reflection,3
1005,Simple Reflection,3
1006,Simple Reflection,1
1007,Critical Reflection,3
1008,Simple Reflection,2
1009,Simple Reflection,3
1010,Critical Reflection,3
1011,Critical Reflection,3
1012,Simple Reflection,1
1013,Critical Reflection,2
1014,Simple Reflection,1
1015,Simple Reflection,2
1016,Critical Reflection,3
1017,Simple Reflection,2
1018,Simple Reflection,3
1019,Simple Reflection,3
1020,Simple Reflection,2
1021,Simple Reflection,3
1022,Simple Reflection,3
1023,Simple Reflection,2
1024,Simple Reflection,2
1025,Simple Reflection,4
1026,Critical Reflection,3
1027,Simple Reflection,3
1028,Simple Reflection,2
1029,Critical Reflection,3
1030,Critical Reflection,4
1031,Simple Reflection,3
1032,Simple Reflection,1
1033,Simple Reflection,3
1034,Critical Reflection,3
1035,Simple Reflection,2
1036,Simple Reflection,3
1037,Simple Reflection,2
1038,Simple Reflection,3
1039,Simple Reflection,1
1040,Simple Reflection,1
1041,Simple Reflection,3
1042,Simple Reflection,3
1043,Simple Reflection,3
1044,Critical Reflection,2
1045,Critical Reflection,2
1046,Understanding,1
1047,Understanding,1
1048,Simple Reflection,4
1049,Simple Reflection,2
1050,Simple Reflection,2
1051,Critical Reflection,4
1052,Critical Reflection,3
1053,No-Reflection,2
1054,Simple Reflection,2
1055,Simple Reflection,2
1056,Simple Reflection,3
1057,Simple Reflection,2
1058,Critical Reflection,3
1059,Simple Reflection,2
1060,Critical Reflection,3
1061,Simple Reflection,2
1062,Simple Reflection,2
1063,Simple Reflection,3
1064,Simple Reflection,2
1065,Simple Reflection,3
1066,Simple Reflection,2
1067,Simple Reflection,2
1068,Simple Reflection,2
1069,Critical Reflection,3
1070,Simple Reflection,1
1071,Simple Reflection,2
1072,Simple Reflection,2
1073,Simple Reflection,2
1074,Simple Reflection,2
1075,Simple Reflection,2
1076,Simple Reflection,2
1077,Critical Reflection,3
1078,Simple Reflection,3
1079,Simple Reflection,2
1080,Simple Reflection,2
1081,Simple Reflection,1
1082,Simple Reflection,2
1083,Simple Reflection,3
1084,Simple Reflection,3
1085,Critical Reflection,3
1086,Simple Reflection,2
1087,Simple Reflection,3
1088,Simple Reflection,3
1089,Critical Reflection,3
1090,Simple Reflection,3
1091,Simple Reflection,2
1092,Simple Reflection,3
1093,Simple Reflection,3
1094,Simple Reflection,3
1095,Simple Reflection,3
1096,Critical Reflection,3
1097,Critical Reflection,3
1098,Simple Reflection,3
1099,Simple Reflection,3
1100,Simple Reflection,1
1101,Simple Reflection,2
1102,Simple Reflection,4
1103,Critical Reflection,2
1104,Critical Reflection,3
1105,Critical Reflection,3
1106,Simple Reflection,1
1107,Simple Reflection,1
1108,Simple Reflection,3
1109,Simple Reflection,3
1110,Simple Reflection,3
1111,Simple Reflection,1
1112,Simple Reflection,2
1113,Simple Reflection,3
1114,Simple Reflection,2
1115,Simple Reflection,3
1116,Simple Reflection,2
1117,Simple Reflection,2
1118,Critical Reflection,4
1119,Critical Reflection,3
1120,Simple Reflection,3
1121,Critical Reflection,3
1122,Critical Reflection,3
1123,Simple Reflection,2
1124,Simple Reflection,2
1125,Simple Reflection,3
1126,Simple Reflection,3
1127,Simple Reflection,1
1128,Critical Reflection,3
1129,Simple Reflection,2
1130,Simple Reflection,2
1131,Simple Reflection,1
1132,Simple Reflection,3
1133,Simple Reflection,2
1134,Understanding,1
1135,Critical Reflection,3
1136,Critical Reflection,2
1137,Understanding,1
1138,Simple Reflection,2
1139,Simple Reflection,1
1140,Simple Reflection,3
1141,Critical Reflection,3
1142,Simple Reflection,2
1143,Critical Reflection,3
1144,Simple Reflection,3
1145,Critical Reflection,3
1146,Critical Reflection,3
1147,Simple Reflection,1
1148,Critical Reflection,3
1149,Simple Reflection,3
1150,Simple Reflection,1
1151,Understanding,1
1152,Simple Reflection,3
1153,Simple Reflection,3
1154,Simple Reflection,3
1155,Simple Reflection,3
1156,Simple Reflection,3
1157,Critical Reflection,3
1158,Critical Reflection,3
1159,Critical Reflection,3
1160,Simple Reflection,3
1161,Simple Reflection,2
1162,Understanding,1
1163,Simple Reflection,3
1164,Simple Reflection,2
1165,Critical Reflection,3
1166,Simple Reflection,2
1167,Simple Reflection,3
1168,Simple Reflection,2
1169,Critical Reflection,4
1170,Simple Reflection,3
1171,Simple Reflection,2
1172,Simple Reflection,2
1173,Critical Reflection,4
1174,Critical Reflection,3
1175,Simple Reflection,2
1176,Simple Reflection,2
1177,Simple Reflection,2
1178,Simple Reflection,2
1179,Simple Reflection,3
1180,Simple Reflection,3
1181,Simple Reflection,3
1182,Simple Reflection,2
1183,Critical Reflection,3
1184,Simple Reflection,2
1185,Simple Reflection,2
1186,Simple Reflection,3
1187,Critical Reflection,3
1188,Simple Reflection,3
1189,Simple Reflection,1
1190,Simple Reflection,1
1191,Simple Reflection,3
1192,Simple Reflection,2
1193,Simple Reflection,3
1194,Simple Reflection,2
1195,Simple Reflection,2
1196,Critical Reflection,3
1197,Simple Reflection,3
1198,Critical Reflection,3
1199,Simple Reflection,2
1200,Simple Reflection,3
1201,Simple Reflection,1
1202,Simple Reflection,3
1203,Simple Reflection,2
1204,Critical Reflection,1
1205,Simple Reflection,4
1206,Critical Reflection,3
1207,Simple Reflection,3
1208,Critical Reflection,3
1209,Simple Reflection,2
1210,Critical Reflection,3
1211,Simple Reflection,2
1212,Simple Reflection,3
1213,Critical Reflection,3
1214,Simple Reflection,2
1215,Simple Reflection,1
1216,Simple Reflection,2
1217,Simple Reflection,2
1218,Simple Reflection,2
1219,Simple Reflection,2
1220,Critical Reflection,4
1221,Simple Reflection,2
1222,Simple Reflection,3
1223,Simple Reflection,2
1224,Simple Reflection,1
1225,Simple Reflection,1
1226,Simple Reflection,2
1227,Simple Reflection,3
1228,Critical Reflection,3
1229,Critical Reflection,3
1230,Critical Reflection,3
1231,Simple Reflection,1
1232,Simple Reflection,1
1233,Understanding,1
1234,Simple Reflection,1
1235,Critical Reflection,3
1236,Simple Reflection,1
1237,Simple Reflection,2
1238,Simple Reflection,3
1239,Simple Reflection,2
1240,Critical Reflection,2
1241,Simple Reflection,2
1242,Simple Reflection,1
1243,Simple Reflection,2
1244,Critical Reflection,3
1245,Simple Reflection,2
1246,Simple Reflection,2
1247,Simple Reflection,2
1248,Critical Reflection,3
1249,Simple Reflection,2
1250,Simple Reflection,2
1251,Simple Reflection,2
1252,Simple Reflection,3
1253,Critical Reflection,3
1254,Simple Reflection,3
1255,Simple Reflection,2
1256,Simple Reflection,3
1257,Simple Reflection,4
1258,Simple Reflection,2
1259,Simple Reflection,3
1260,Simple Reflection,3
1261,Simple Reflection,1
1262,Simple Reflection,2
1263,Simple Reflection,1
1264,Simple Reflection,1
1265,Simple Reflection,3
1266,Simple Reflection,2
1267,Simple Reflection,3
1268,Simple Reflection,2
1269,Critical Reflection,2
1270,Simple Reflection,2
1271,Critical Reflection,2
1272,Simple Reflection,3
1273,Simple Reflection,2
1274,Simple Reflection,3
1275,Simple Reflection,3
1276,Simple Reflection,3
1277,Understanding,2
1278,Simple Reflection,3
1279,Critical Reflection,2
1280,Critical Reflection,3
1281,Simple Reflection,3
1282,Simple Reflection,3
1283,Critical Reflection,3
1284,Simple Reflection,1
1285,Simple Reflection,1
1286,Critical Reflection,4
1287,Simple Reflection,4
1288,Simple Reflection,3
1289,Simple Reflection,2
1290,Simple Reflection,2
1291,Simple Reflection,1
1292,Simple Reflection,2
1293,Critical Reflection,4
1294,Simple Reflection,3
1295,Simple Reflection,1
1296,Simple Reflection,1
1297,Simple Reflection,3
1298,Simple Reflection,3
1299,Simple Reflection,3
1300,Simple Reflection,1
1301,Critical Reflection,3
1302,Simple Reflection,1
1303,Simple Reflection,3
1304,Simple Reflection,1
1305,Critical Reflection,4
1306,Critical Reflection,4
1307,Simple Reflection,3
1308,Simple Reflection,2
1309,Simple Reflection,1
1310,Simple Reflection,1
1311,Critical Reflection,3
1312,Simple Reflection,2
1313,Simple Reflection,2
1314,Simple Reflection,1
1315,Simple Reflection,1
1316,Simple Reflection,2
1317,No-Reflection,2
1318,Simple Reflection,2
1319,Simple Reflection,3
1320,Simple Reflection,2
1321,Simple Reflection,2
1322,Simple Reflection,3
1323,Simple Reflection,1
1324,Simple Reflection,2
1325,Simple Reflection,2
1326,Simple Reflection,3
1327,Simple Reflection,2
1328,Simple Reflection,1
1329,Simple Reflection,1
1330,Critical Reflection,3
1331,Critical Reflection,3
1332,Simple Reflection,2
1333,Simple Reflection,1
1334,Simple Reflection,1
1335,Simple Reflection,3
1336,Simple Reflection,2
1337,Simple Reflection,3
1338,Simple Reflection,2
1339,Critical Reflection,4
1340,Critical Reflection,4
1341,Simple Reflection,3
1342,Simple Reflection,3
1343,Simple Reflection,2
1344,Simple Reflection,2
1345,Simple Reflection,2
1346,Simple Reflection,1
1347,Simple Reflection,2
1348,Simple Reflection,3
1349,Understanding,1
1350,Simple Reflection,1
1351,Simple Reflection,1
1352,Critical Reflection,1
1353,Simple Reflection,2
1354,Simple Reflection,2
1355,Critical Reflection,3
1356,Simple Reflection,1
1357,Simple Reflection,3
1358,Simple Reflection,3
1359,Simple Reflection,3
1360,Simple Reflection,2
1361,Simple Reflection,3
1362,Simple Reflection,1
1363,Critical Reflection,4
1364,Simple Reflection,2
1365,Critical Reflection,2
1366,Simple Reflection,1
1367,Simple Reflection,2
1368,Simple Reflection,2
1369,Simple Reflection,2
1370,Simple Reflection,2
1371,Simple Reflection,1
1372,Understanding,1
1373,Simple Reflection,2
1374,Simple Reflection,2
1375,Simple Reflection,3
1376,Simple Reflection,2
1377,Simple Reflection,2
1378,Simple Reflection,1
1379,Critical Reflection,2
1380,Simple Reflection,2
1381,Simple Reflection,2
1382,Simple Reflection,3
1383,Critical Reflection,2
1384,Simple Reflection,2
1385,Simple Reflection,1
1386,Critical Reflection,3
1387,Simple Reflection,3
1388,Simple Reflection,3
1389,Simple Reflection,3
1390,Simple Reflection,2
1391,Simple Reflection,3
1392,Simple Reflection,3
1393,Simple Reflection,1
1394,Critical Reflection,4
1395,Simple Reflection,2
1396,Simple Reflection,2
1397,Simple Reflection,3
1398,Simple Reflection,2
1399,Simple Reflection,1
1400,Simple Reflection,1
1401,Simple Reflection,2
1402,Simple Reflection,3
1403,Simple Reflection,1
1404,Simple Reflection,2
1405,Critical Reflection,3
1406,Critical Reflection,2
1407,Simple Reflection,2
1408,Simple Reflection,1
1409,Critical Reflection,1
1410,Simple Reflection,3
1411,Simple Reflection,2
1412,Simple Reflection,3
1413,Simple Reflection,1
1414,Simple Reflection,2
1415,Simple Reflection,3
1416,Simple Reflection,2
1417,Simple Reflection,2
1418,Critical Reflection,3
1419,Simple Reflection,1
1420,Critical Reflection,2
1421,Simple Reflection,2
1422,Simple Reflection,3
1423,Simple Reflection,3
1424,Simple Reflection,2
1425,Simple Reflection,2
1426,Critical Reflection,2
1427,Simple Reflection,2
1428,Simple Reflection,3
1429,Simple Reflection,2
1430,Simple Reflection,2
1431,Simple Reflection,2
1432,Critical Reflection,2
1433,Simple Reflection,2
1434,Critical Reflection,4
1435,Critical Reflection,3
1436,Simple Reflection,3
1437,Simple Reflection,2
1438,Simple Reflection,3
1439,Critical Reflection,1
1440,Simple Reflection,4
1441,Critical Reflection,3
1442,Simple Reflection,3
1443,Simple Reflection,1
1444,Simple Reflection,3
1445,Critical Reflection,2
1446,Simple Reflection,3
1447,Simple Reflection,2
1448,Simple Reflection,2
1449,Simple Reflection,1
1450,Simple Reflection,2
1451,Simple Reflection,3
1452,Critical Reflection,2
1453,Simple Reflection,3
1454,Simple Reflection,2
1455,Simple Reflection,2
1456,Simple Reflection,1
1457,Simple Reflection,3
1458,Simple Reflection,3
1459,Simple Reflection,2
1460,Simple Reflection,2
1461,Simple Reflection,3
1462,Simple Reflection,2
1463,No-Reflection,1
1464,Simple Reflection,2
1465,Simple Reflection,1
1466,Simple Reflection,2
1467,Simple Reflection,2
1468,Simple Reflection,1
1469,No-Reflection,1
1470,Simple Reflection,3
1471,Simple Reflection,2
1472,Critical Reflection,2
1473,Critical Reflection,3
1474,Simple Reflection,2
1475,Simple Reflection,2
1476,Simple Reflection,1
1477,Simple Reflection,1
1478,Simple Reflection,3
1479,Simple Reflection,1
1480,Simple Reflection,3
1481,Critical Reflection,3
1482,Simple Reflection,3
1483,Simple Reflection,3
1484,Simple Reflection,2
1485,Simple Reflection,1
1486,Critical Reflection,3
1487,Simple Reflection,2
1488,Simple Reflection,2
1489,Critical Reflection,2
1490,Simple Reflection,2
1491,Critical Reflection,4
1492,Simple Reflection,3
1493,Simple Reflection,2
1494,Simple Reflection,3
1495,Simple Reflection,2
1496,Understanding,1
1497,Simple Reflection,2
1498,Simple Reflection,3
1499,Simple Reflection,2
1500,Simple Reflection,3
1501,Simple Reflection,3
1502,Critical Reflection,4
1503,Simple Reflection,3
1504,Simple Reflection,3
1505,Simple Reflection,2
1506,Critical Reflection,4
1507,Critical Reflection,2
1508,Simple Reflection,2
1509,Simple Reflection,3
1510,Simple Reflection,4
1511,Simple Reflection,2
1512,Simple Reflection,2
1513,Simple Reflection,1
1514,Simple Reflection,1
1515,Simple Reflection,2
1516,Simple Reflection,3
1517,Simple Reflection,3
1518,Simple Reflection,2
1519,Simple Reflection,2
1520,Simple Reflection,1
1521,Simple Reflection,2
1522,Simple Reflection,3
1523,Critical Reflection,4
1524,Simple Reflection,4
1525,Critical Reflection,3
1526,Simple Reflection,1
1527,Simple Reflection,1
1528,Critical Reflection,4
1529,Critical Reflection,3
1530,Simple Reflection,3
1531,Simple Reflection,1
1532,Simple Reflection,2
1533,Simple Reflection,3
1534,Simple Reflection,2
1535,Simple Reflection,2
1536,Critical Reflection,4
1537,Simple Reflection,2
1538,Simple Reflection,3
1539,Simple Reflection,2
1540,Simple Reflection,1
1541,Simple Reflection,1
1542,Simple Reflection,3
1543,Simple Reflection,4
1544,Simple Reflection,3
1545,Simple Reflection,2
1546,Simple Reflection,1
1547,Critical Reflection,3
1548,Simple Reflection,4
1549,Simple Reflection,3
1550,Simple Reflection,1
1551,Understanding,1
1552,Simple Reflection,2
1553,Simple Reflection,4
1554,Simple Reflection,2
1555,Simple Reflection,2
1556,Simple Reflection,2
1557,Simple Reflection,3
1558,Simple Reflection,2
1559,Simple Reflection,2
1560,Simple Reflection,1
1561,Critical Reflection,2
1562,Simple Reflection,2
1563,Simple Reflection,2
1564,Simple Reflection,2
1565,Simple Reflection,2
1566,Simple Reflection,2
1567,Simple Reflection,2
1568,No-Reflection,1
1569,Simple Reflection,1
1570,Simple Reflection,3
1571,Simple Reflection,3
1572,Critical Reflection,3
1573,Simple Reflection,3
1574,Simple Reflection,2
1575,Simple Reflection,2
1576,Simple Reflection,3
1577,Simple Reflection,3
1578,Simple Reflection,2
1579,Simple Reflection,2
1580,Simple Reflection,2
1581,Simple Reflection,1
1582,Simple Reflection,2
1583,Simple Reflection,2
1584,Simple Reflection,3
1585,Critical Reflection,3
1586,Simple Reflection,2
1587,Simple Reflection,1
1588,Critical Reflection,3
1589,Simple Reflection,2
1590,Simple Reflection,3
1591,Simple Reflection,2
1592,Simple Reflection,2
1593,Simple Reflection,3
1594,Critical Reflection,4
1595,Simple Reflection,2
1596,Simple Reflection,2
1597,Understanding,1
1598,Critical Reflection,3
1599,Simple Reflection,2
1600,Understanding,1
1601,Simple Reflection,2
1602,Simple Reflection,3
1603,No-Reflection,1
1604,Simple Reflection,2
1605,Simple Reflection,3
1606,Critical Reflection,3
1607,Simple Reflection,2
1608,Simple Reflection,2
1609,Simple Reflection,2
1610,Simple Reflection,2
1611,Simple Reflection,3
1612,Simple Reflection,2
1613,Simple Reflection,3
1614,Simple Reflection,3
1615,Simple Reflection,2
1616,Simple Reflection,2
1617,Simple Reflection,3
1618,Simple Reflection,3
1619,Simple Reflection,1
1620,Simple Reflection,1
1621,Critical Reflection,3
1622,Simple Reflection,3
1623,Simple Reflection,3
1624,Simple Reflection,2
1625,Critical Reflection,3
1626,Simple Reflection,2
1627,Simple Reflection,2
1628,Simple Reflection,2
1629,Simple Reflection,3
1630,Critical Reflection,4
1631,Simple Reflection,3
1632,Simple Reflection,2
1633,Simple Reflection,1
1634,Understanding,2
1635,Simple Reflection,2
1636,Simple Reflection,2
1637,Simple Reflection,4
1638,Simple Reflection,3
1639,Simple Reflection,3
1640,Simple Reflection,3
1641,No-Reflection,1
1642,Simple Reflection,3
1643,Simple Reflection,2
1644,Simple Reflection,3
1645,Simple Reflection,4
1646,Simple Reflection,2
1647,Simple Reflection,2
1648,Simple Reflection,2
1649,Simple Reflection,2
1650,Simple Reflection,3
1651,Simple Reflection,3
1652,Simple Reflection,2
1653,No-Reflection,1
1654,Simple Reflection,2
1655,Simple Reflection,1
1656,Simple Reflection,2
1657,Simple Reflection,2
1658,Simple Reflection,2
1659,Simple Reflection,2
1660,Simple Reflection,3
1661,Simple Reflection,3
1662,Simple Reflection,2
1663,Simple Reflection,2
1664,Critical Reflection,4
1665,Critical Reflection,3
1666,Simple Reflection,4
1667,Simple Reflection,2
1668,Critical Reflection,4
1669,Simple Reflection,3
1670,Critical Reflection,3
1671,Simple Reflection,2
1672,Simple Reflection,2
1673,Simple Reflection,1
1674,Simple Reflection,1
1675,Critical Reflection,2
1676,Simple Reflection,2
1677,Simple Reflection,1
1678,Simple Reflection,2
1679,Simple Reflection,1
1680,Simple Reflection,2
1681,Simple Reflection,4
1682,Simple Reflection,3
1683,Simple Reflection,2
1684,Simple Reflection,2
1685,Simple Reflection,3
1686,Understanding,2
1687,Critical Reflection,3
1688,Simple Reflection,4
1689,Simple Reflection,2
1690,Simple Reflection,2
1691,Critical Reflection,3
1692,Simple Reflection,2
1693,Simple Reflection,4
1694,Simple Reflection,2
1695,Simple Reflection,3
1696,Critical Reflection,3
1697,Critical Reflection,2
1698,Understanding,1
1699,Simple Reflection,3
1700,Simple Reflection,1
1701,Simple Reflection,3
1702,Simple Reflection,2
1703,Simple Reflection,3
1704,Critical Reflection,4
1705,Simple Reflection,4
1706,Simple Reflection,3
1707,Simple Reflection,2
1708,Simple Reflection,3
1709,Simple Reflection,3
1710,Simple Reflection,3
1711,No-Reflection,2
1712,Simple Reflection,2
1713,Simple Reflection,2
1714,Simple Reflection,2
1715,Simple Reflection,2
1716,Simple Reflection,2
1717,Simple Reflection,2
1718,Simple Reflection,3
1719,Understanding,2
1720,Simple Reflection,3
1721,Critical Reflection,4
1722,Simple Reflection,3
1723,Understanding,1
1724,Simple Reflection,3
1725,Simple Reflection,2
1726,Simple Reflection,4
1727,Critical Reflection,3
1728,Simple Reflection,1
1729,Critical Reflection,2
1730,Simple Reflection,2
1731,Simple Reflection,2
1732,Simple Reflection,2
1733,Critical Reflection,3
1734,Critical Reflection,4
1735,Simple Reflection,3
1736,Simple Reflection,3
1737,Critical Reflection,3
1738,Simple Reflection,3
1739,Simple Reflection,2
1740,Simple Reflection,2
1741,Critical Reflection,4
1742,Critical Reflection,3
1743,Simple Reflection,3
1744,Simple Reflection,3
1745,Simple Reflection,3
1746,Simple Reflection,4
1747,Simple Reflection,3
1748,Simple Reflection,3
1749,Simple Reflection,3
1750,Understanding,2
1751,Simple Reflection,2
1752,Critical Reflection,3
1753,Simple Reflection,3
1754,Understanding,2
1755,Critical Reflection,2
1756,Simple Reflection,2
1757,Simple Reflection,3
1758,Critical Reflection,4
1759,Critical Reflection,2
1760,Simple Reflection,3
1761,Simple Reflection,2
1762,No-Reflection,1
1763,Simple Reflection,1
1764,Simple Reflection,2
1765,Simple Reflection,1
1766,Simple Reflection,1
1767,Simple Reflection,3
1768,Simple Reflection,2
1769,Simple Reflection,3
1770,Simple Reflection,2
1771,Simple Reflection,2
1772,Simple Reflection,2
1773,Simple Reflection,3
1774,Simple Reflection,3
1775,Critical Reflection,3
1776,Simple Reflection,2
1777,Simple Reflection,2
1778,Simple Reflection,3
1779,Understanding,2
1780,Simple Reflection,3
1781,Critical Reflection,3
1782,Simple Reflection,2
1783,Simple Reflection,2
1784,Simple Reflection,3
1785,Simple Reflection,1
1786,Simple Reflection,2
1787,Simple Reflection,3
1788,Simple Reflection,2
1789,Simple Reflection,3
1790,Simple Reflection,1
1791,No-Reflection,1
1792,Simple Reflection,3
1793,Simple Reflection,3
1794,Simple Reflection,2
1795,Critical Reflection,3
1796,Simple Reflection,3
1797,Critical Reflection,3
1798,Simple Reflection,3
1799,Critical Reflection,3
1800,Simple Reflection,4
1801,Simple Reflection,4
1802,Simple Reflection,2
1803,Critical Reflection,3
1804,Simple Reflection,4
1805,Critical Reflection,3
1806,Critical Reflection,3
1807,Simple Reflection,2
1808,Simple Reflection,1
1809,Simple Reflection,2
1810,Simple Reflection,1
1811,Simple Reflection,1
1812,Understanding,2
1813,Simple Reflection,2
1814,Simple Reflection,3
1815,Critical Reflection,3
1816,Simple Reflection,2
1817,Understanding,2
1818,Simple Reflection,2
1819,Critical Reflection,3
1820,Understanding,2
1821,Simple Reflection,2
1822,Critical Reflection,4
1823,Simple Reflection,2
1824,Understanding,1
1825,Simple Reflection,3
1826,Critical Reflection,3
1827,Simple Reflection,2
1828,Simple Reflection,3
1829,Simple Reflection,3
1830,Simple Reflection,3
1831,Critical Reflection,4
1832,Simple Reflection,2
1833,Simple Reflection,2
1834,Simple Reflection,3
1835,Simple Reflection,3
1836,Simple Reflection,3
1837,Simple Reflection,2
1838,Simple Reflection,3
1839,Simple Reflection,3
1840,Simple Reflection,3
1841,Simple Reflection,2
1842,Critical Reflection,3
1843,Simple Reflection,2
1844,Simple Reflection,3
1845,Simple Reflection,2
1846,No-Reflection,1
1847,Understanding,2
1848,Critical Reflection,3
1849,Critical Reflection,4
1850,Simple Reflection,2
1851,Simple Reflection,3
1852,Simple Reflection,2
1853,Simple Reflection,2
1854,Simple Reflection,3
1855,Simple Reflection,2
1856,Critical Reflection,3
1857,Simple Reflection,1
1858,Simple Reflection,3
1859,Simple Reflection,3
1860,Simple Reflection,3
1861,Simple Reflection,4
1862,Simple Reflection,1
1863,Simple Reflection,3
1864,Simple Reflection,3
1865,Simple Reflection,2
1866,Simple Reflection,3
1867,Simple Reflection,4
1868,Critical Reflection,3
1869,Simple Reflection,2
1870,Simple Reflection,2
1871,Simple Reflection,2
1872,Simple Reflection,3
1873,Simple Reflection,3
1874,Understanding,2
1875,Simple Reflection,3
1876,Simple Reflection,3
1877,Critical Reflection,3
1878,Simple Reflection,2
1879,Simple Reflection,2
1880,Understanding,2
1881,Simple Reflection,2
1882,Simple Reflection,1
1883,Simple Reflection,3
1884,Critical Reflection,3
1885,Simple Reflection,3
1886,Simple Reflection,3
1887,Simple Reflection,3
1888,Simple Reflection,2
1889,Understanding,3
1890,Simple Reflection,2
1891,Simple Reflection,2
1892,Simple Reflection,3
1893,Simple Reflection,3
1894,Simple Reflection,2
1895,Simple Reflection,2
1896,Simple Reflection,2
1897,Simple Reflection,3
1898,Simple Reflection,3
1899,Simple Reflection,2
1900,Simple Reflection,3
1901,Simple Reflection,2
1902,Simple Reflection,3
1903,Simple Reflection,3
1904,Simple Reflection,2
1905,Simple Reflection,1
1906,Simple Reflection,3
1907,Simple Reflection,2
1908,Simple Reflection,2
1909,Critical Reflection,4
1910,Simple Reflection,1
1911,Simple Reflection,3
1912,No-Reflection,1
1913,Understanding,1
1914,Simple Reflection,2
1915,Simple Reflection,3
1916,Simple Reflection,2
1917,Simple Reflection,3
1918,Simple Reflection,3
1919,Simple Reflection,2
1920,Simple Reflection,3
1921,Critical Reflection,3
1922,Simple Reflection,1
1923,Simple Reflection,2
1924,Simple Reflection,3
1925,Simple Reflection,2
1926,Simple Reflection,2
1927,Simple Reflection,4
1928,Critical Reflection,3
1929,Simple Reflection,2
1930,Simple Reflection,2
1931,Simple Reflection,2
1932,Simple Reflection,3
1933,Simple Reflection,2
1934,Simple Reflection,3
1935,Simple Reflection,1
1936,Critical Reflection,3
1937,Simple Reflection,2
1938,Simple Reflection,3
1939,Simple Reflection,2
1940,Critical Reflection,3
1941,Simple Reflection,3
1942,Simple Reflection,2
1943,Critical Reflection,3
1944,Simple Reflection,3
1945,Critical Reflection,3
1946,Simple Reflection,3
1947,Simple Reflection,3
1948,Critical Reflection,3
1949,Simple Reflection,1
1950,Simple Reflection,3
1951,Simple Reflection,3
1952,Critical Reflection,3
1953,Simple Reflection,3
1954,Simple Reflection,3
1955,Simple Reflection,3
1956,Simple Reflection,1
1957,Critical Reflection,3
1958,Simple Reflection,2
1959,Simple Reflection,3
1960,Simple Reflection,1
1961,Simple Reflection,3
1962,Critical Reflection,3
1963,Simple Reflection,3
1964,Critical Reflection,3
1965,Simple Reflection,2
1966,Simple Reflection,3
1967,Critical Reflection,3
1968,Critical Reflection,3
1969,Simple Reflection,3
1970,Simple Reflection,3
1971,Simple Reflection,1
1972,Simple Reflection,3
1973,Simple Reflection,2
1974,Simple Reflection,2
1975,Simple Reflection,3
1976,Simple Reflection,3
1977,Critical Reflection,3
1978,Simple Reflection,2
1979,Simple Reflection,2
1980,Simple Reflection,2
1981,Simple Reflection,3
1982,Simple Reflection,3
1983,Simple Reflection,2
1984,Critical Reflection,3
1985,Simple Reflection,3
1986,Simple Reflection,2
1987,Simple Reflection,3
1988,Critical Reflection,2
1989,Simple Reflection,2
1990,Simple Reflection,1
1991,Simple Reflection,3
1992,Simple Reflection,2
1993,Critical Reflection,3
1994,Simple Reflection,2
1995,Simple Reflection,2
1996,Simple Reflection,2
1997,Simple Reflection,4
1998,Simple Reflection,3
1999,Simple Reflection,4
2000,No-Reflection,2
2001,Simple Reflection,3
2002,No-Reflection,1
2003,Simple Reflection,2
2004,Simple Reflection,1
2005,Simple Reflection,2
2006,Simple Reflection,3
2007,Simple Reflection,3
2008,Simple Reflection,2
2009,Simple Reflection,2
2010,Simple Reflection,2
2011,Simple Reflection,1
2012,Simple Reflection,2
2013,Simple Reflection,1
2014,Understanding,2
2015,Simple Reflection,3
2016,Simple Reflection,2
2017,Simple Reflection,4
2018,Simple Reflection,2
2019,Critical Reflection,3
2020,Simple Reflection,2
2021,Simple Reflection,3
2022,Simple Reflection,2
2023,Simple Reflection,2
2024,Critical Reflection,3
2025,Simple Reflection,2
2026,Simple Reflection,2
2027,Simple Reflection,3
2028,Simple Reflection,3
2029,Simple Reflection,1
2030,Understanding,1
2031,Critical Reflection,3
2032,Simple Reflection,2
2033,Simple Reflection,2
2034,Simple Reflection,2
2035,No-Reflection,2
2036,Simple Reflection,3
2037,Simple Reflection,2
2038,Critical Reflection,3
2039,Simple Reflection,3
2040,Simple Reflection,1
2041,Understanding,2
2042,Simple Reflection,3
2043,Simple Reflection,2
2044,Simple Reflection,2
2045,Simple Reflection,3
2046,Critical Reflection,3
2047,Critical Reflection,4
2048,Simple Reflection,3
2049,Critical Reflection,3
2050,Simple Reflection,2
2051,Simple Reflection,2
2052,Simple Reflection,2
2053,Understanding,2
2054,Simple Reflection,3
2055,Simple Reflection,3
2056,Simple Reflection,3
2057,Critical Reflection,3
2058,Simple Reflection,3
2059,Simple Reflection,2
2060,Simple Reflection,2
2061,Simple Reflection,2
2062,Simple Reflection,3
2063,Simple Reflection,3
2064,Critical Reflection,3
2065,Simple Reflection,2
2066,Simple Reflection,3
2067,Simple Reflection,2
2068,Simple Reflection,3
2069,Simple Reflection,3
2070,Simple Reflection,2
2071,Simple Reflection,3
2072,Simple Reflection,2
2073,Understanding,2
2074,Simple Reflection,2
2075,Simple Reflection,3
2076,Simple Reflection,4
2077,Critical Reflection,3
2078,Simple Reflection,3
2079,Simple Reflection,2
2080,Simple Reflection,1
2081,Simple Reflection,2
2082,Simple Reflection,2
2083,Simple Reflection,3
2084,Simple Reflection,1
2085,Simple Reflection,3
2086,Simple Reflection,2
2087,Simple Reflection,3
2088,Simple Reflection,2
2089,Understanding,1
2090,Simple Reflection,3
2091,Simple Reflection,2
2092,Simple Reflection,2
2093,Simple Reflection,2
2094,Simple Reflection,2
2095,Simple Reflection,3
2096,Simple Reflection,2
2097,Simple Reflection,2
2098,Simple Reflection,2
2099,Critical Reflection,2
2100,Simple Reflection,2
2101,Simple Reflection,4
2102,Simple Reflection,3
2103,Simple Reflection,2
2104,Simple Reflection,3
2105,Simple Reflection,2
2106,Simple Reflection,2
2107,Simple Reflection,2
2108,Simple Reflection,3
2109,Simple Reflection,3
2110,Simple Reflection,3
2111,Critical Reflection,3
2112,Simple Reflection,2
2113,Simple Reflection,2
2114,Simple Reflection,3
2115,No-Reflection,1
2116,Simple Reflection,3
2117,No-Reflection,1
2118,Simple Reflection,2
2119,Simple Reflection,2
2120,Simple Reflection,3
2121,Simple Reflection,2
2122,Simple Reflection,2
2123,Simple Reflection,3
2124,No-Reflection,1
2125,Simple Reflection,2
2126,Simple Reflection,1
2127,Simple Reflection,2
2128,Simple Reflection,3
2129,Simple Reflection,2
2130,Critical Reflection,4
2131,Simple Reflection,3
2132,Simple Reflection,2
2133,Simple Reflection,2
2134,Simple Reflection,3
2135,Simple Reflection,2
2136,Simple Reflection,2
2137,Understanding,1
2138,Simple Reflection,3
2139,Simple Reflection,3
2140,Simple Reflection,3
2141,Simple Reflection,2
2142,Simple Reflection,3
2143,Simple Reflection,2
2144,Simple Reflection,4
2145,Simple Reflection,2
2146,Critical Reflection,3
2147,Simple Reflection,2
2148,Critical Reflection,3
2149,Understanding,2
2150,Simple Reflection,2
2151,Critical Reflection,3
2152,Critical Reflection,4
2153,Simple Reflection,2
2154,Simple Reflection,3
2155,Critical Reflection,3
2156,Critical Reflection,3
2157,Critical Reflection,4
2158,Simple Reflection,3
2159,Simple Reflection,3
2160,Simple Reflection,2
2161,Simple Reflection,4
2162,Simple Reflection,2
2163,Simple Reflection,2
2164,Simple Reflection,2
2165,Simple Reflection,2
2166,Simple Reflection,2
2167,Simple Reflection,2
2168,Simple Reflection,2
2169,Simple Reflection,2
2170,Simple Reflection,3
2171,Simple Reflection,2
2172,Simple Reflection,3
2173,Critical Reflection,3
2174,Simple Reflection,1
2175,Simple Reflection,2
2176,Simple Reflection,4
2177,Simple Reflection,3
2178,Simple Reflection,3
2179,Simple Reflection,2
2180,Critical Reflection,3
2181,Simple Reflection,3
2182,Simple Reflection,2
2183,Simple Reflection,3
2184,Simple Reflection,1
2185,Simple Reflection,2
2186,Simple Reflection,2
2187,Simple Reflection,2
2188,Simple Reflection,2
2189,Critical Reflection,3
2190,Simple Reflection,2
2191,Critical Reflection,3
2192,Simple Reflection,2
2193,Simple Reflection,3
2194,Critical Reflection,3
2195,Simple Reflection,3
2196,Simple Reflection,3
2197,Simple Reflection,2
2198,Simple Reflection,2
2199,Simple Reflection,3
2200,Simple Reflection,2
2201,Simple Reflection,1
2202,Simple Reflection,2
2203,Critical Reflection,3
2204,Simple Reflection,3
2205,Simple Reflection,2
2206,Critical Reflection,4
2207,Simple Reflection,3
2208,No-Reflection,1
2209,Simple Reflection,2
2210,Simple Reflection,3
2211,Critical Reflection,3
2212,Critical Reflection,3
2213,Simple Reflection,3
2214,Simple Reflection,2
2215,Critical Reflection,3
2216,Simple Reflection,3
2217,Simple Reflection,3
2218,No-Reflection,1
2219,Simple Reflection,2
2220,Simple Reflection,3
2221,Critical Reflection,4
2222,Simple Reflection,3
2223,Simple Reflection,3
2224,Simple Reflection,2
2225,Simple Reflection,2
2226,Simple Reflection,2
2227,Critical Reflection,3
2228,Simple Reflection,2
2229,Simple Reflection,3
2230,Simple Reflection,2
2231,Simple Reflection,2
2232,Simple Reflection,2
2233,Simple Reflection,1
2234,Understanding,2
2235,Simple Reflection,2
2236,Simple Reflection,2
2237,Simple Reflection,2
2238,Simple Reflection,2
2239,Simple Reflection,2
2240,Understanding,1
2241,Simple Reflection,3
2242,Critical Reflection,3
2243,Simple Reflection,2
2244,Simple Reflection,2
2245,Simple Reflection,3
2246,Simple Reflection,2
2247,Simple Reflection,2
2248,Simple Reflection,1
2249,Simple Reflection,2
2250,Simple Reflection,2
2251,Simple Reflection,2
2252,Simple Reflection,1
2253,Simple Reflection,2
2254,Critical Reflection,3
2255,Critical Reflection,3
2256,Simple Reflection,2
2257,Simple Reflection,3
2258,Simple Reflection,1
2259,Simple Reflection,2
2260,Simple Reflection,2
2261,Simple Reflection,2
2262,Simple Reflection,2
2263,Simple Reflection,2
2264,Simple Reflection,2
2265,Critical Reflection,3
2266,Simple Reflection,2
2267,Simple Reflection,1
2268,Understanding,1
2269,Simple Reflection,3
2270,Simple Reflection,3
2271,Critical Reflection,2
2272,Critical Reflection,2
2273,Critical Reflection,4
2274,Simple Reflection,1
2275,Critical Reflection,4
2276,Simple Reflection,3
2277,Simple Reflection,3
2278,No-Reflection,2
2279,Simple Reflection,3
2280,Simple Reflection,2
2281,Simple Reflection,3
2282,Simple Reflection,2
2283,Simple Reflection,2
2284,Critical Reflection,3
2285,Simple Reflection,2
2286,Simple Reflection,3
2287,Simple Reflection,3
2288,Simple Reflection,3
2289,Simple Reflection,2
2290,Simple Reflection,1
2291,Simple Reflection,2
2292,Simple Reflection,3
2293,Simple Reflection,3
2294,Simple Reflection,4
2295,Simple Reflection,3
2296,Critical Reflection,2
2297,Simple Reflection,2
2298,Critical Reflection,4
2299,Critical Reflection,3
2300,Critical Reflection,3
2301,Simple Reflection,2
2302,Simple Reflection,2
2303,Simple Reflection,1
2304,Critical Reflection,3
2305,Simple Reflection,2
2306,Simple Reflection,1
2307,Critical Reflection,4
2308,Simple Reflection,3
2309,Simple Reflection,2
2310,Simple Reflection,2
2311,Simple Reflection,2
2312,Simple Reflection,3
2313,Simple Reflection,2
2314,Simple Reflection,2
2315,Simple Reflection,2
2316,Understanding,1
2317,No-Reflection,1
2318,Simple Reflection,3
2319,Simple Reflection,2
2320,Critical Reflection,4
2321,Simple Reflection,2
2322,Simple Reflection,2
2323,No-Reflection,1
2324,Simple Reflection,3
2325,Simple Reflection,2
2326,Simple Reflection,2
2327,Simple Reflection,2
2328,Simple Reflection,3
2329,Understanding,2
2330,Simple Reflection,1
2331,Simple Reflection,1
2332,Simple Reflection,2
2333,Understanding,1
2334,Simple Reflection,2
2335,Simple Reflection,2
2336,Simple Reflection,1
2337,Simple Reflection,3
2338,Simple Reflection,2
2339,Understanding,2
2340,Understanding,1
2341,Understanding,2
2342,No-Reflection,2
2343,Simple Reflection,3
2344,Simple Reflection,2
2345,Simple Reflection,2
2346,Understanding,2
2347,Simple Reflection,3
2348,Simple Reflection,3
2349,Simple Reflection,2
2350,Simple Reflection,3
2351,Understanding,2
2352,Simple Reflection,2
2353,Understanding,2
2354,Understanding,2
2355,Simple Reflection,2
2356,Simple Reflection,2
2357,Simple Reflection,2
2358,Understanding,1
2359,Understanding,2
2360,No-Reflection,2
2361,Simple Reflection,2
2362,Simple Reflection,2
2363,No-Reflection,1
2364,Simple Reflection,1
2365,Simple Reflection,3
2366,Simple Reflection,4
2367,Simple Reflection,3
2368,Simple Reflection,2
2369,Simple Reflection,2
2370,Simple Reflection,2
2371,Simple Reflection,2
2372,Simple Reflection,1
2373,Simple Reflection,2
2374,Understanding,1
2375,Simple Reflection,2
2376,Simple Reflection,2
2377,Simple Reflection,3
2378,Simple Reflection,4
2379,Understanding,2
2380,Simple Reflection,2
2381,Simple Reflection,2
2382,Critical Reflection,3
2383,Simple Reflection,2
2384,Understanding,2
2385,Understanding,3
2386,Simple Reflection,3
2387,Simple Reflection,2
2388,Simple Reflection,2
2389,Critical Reflection,2
2390,Understanding,2
2391,Understanding,2
2392,Simple Reflection,2
2393,Understanding,2
2394,Simple Reflection,3
2395,Understanding,2
2396,Simple Reflection,3
2397,Simple Reflection,2
2398,Simple Reflection,2
2399,Understanding,2
2400,Simple Reflection,3
2401,Simple Reflection,3
2402,Critical Reflection,4
2403,Simple Reflection,3
2404,Simple Reflection,2
2405,Simple Reflection,2
2406,Simple Reflection,2
2407,Simple Reflection,2
2408,No-Reflection,2
2409,Simple Reflection,2
2410,Simple Reflection,2
2411,Simple Reflection,2
2412,No-Reflection,1
2413,Simple Reflection,2
2414,Simple Reflection,2
2415,Simple Reflection,2
2416,Simple Reflection,2
2417,Simple Reflection,2
2418,No-Reflection,2
2419,Simple Reflection,3
2420,Simple Reflection,2
2421,Simple Reflection,2
2422,Critical Reflection,3
2423,Simple Reflection,2
2424,Simple Reflection,2
2425,Understanding,2
2426,Simple Reflection,1
2427,Understanding,2
2428,Simple Reflection,1
2429,Simple Reflection,2
2430,Simple Reflection,2
2431,Simple Reflection,2
2432,Simple Reflection,2
2433,Simple Reflection,2
2434,Simple Reflection,2
2435,Simple Reflection,2
2436,Critical Reflection,2
2437,Simple Reflection,3
2438,Simple Reflection,2
2439,Simple Reflection,2
2440,Simple Reflection,2
2441,Simple Reflection,2
2442,Simple Reflection,2
2443,Understanding,2
2444,Understanding,2
2445,Understanding,2
2446,Simple Reflection,2
2447,Simple Reflection,2
2448,Simple Reflection,2
2449,Understanding,2
2450,Understanding,2
2451,Simple Reflection,2
2452,Critical Reflection,2
2453,Simple Reflection,2
2454,Critical Reflection,3
2455,Simple Reflection,2
2456,Simple Reflection,3
2457,Understanding,2
2458,Critical Reflection,3
2459,Critical Reflection,3
2460,Simple Reflection,2
2461,Simple Reflection,3
2462,Critical Reflection,2
2463,Simple Reflection,2
2464,Critical Reflection,4
2465,Simple Reflection,2
2466,Simple Reflection,2
2467,Critical Reflection,3
2468,Simple Reflection,2
2469,Simple Reflection,2
2470,Simple Reflection,2
2471,Understanding,1
2472,Simple Reflection,2
2473,Understanding,2
2474,Understanding,2
2475,Simple Reflection,2
2476,Understanding,2
2477,Simple Reflection,2
2478,Simple Reflection,2
2479,Simple Reflection,3
2480,Simple Reflection,2
2481,Understanding,2
2482,Simple Reflection,2
2483,Simple Reflection,2
2484,Simple Reflection,2
2485,Simple Reflection,2
2486,Simple Reflection,2
2487,No-Reflection,2
2488,Understanding,1
2489,Understanding,2
2490,Simple Reflection,2
2491,Simple Reflection,2
2492,Simple Reflection,2
2493,Simple Reflection,2
2494,Understanding,2
2495,Critical Reflection,2
2496,Critical Reflection,3
2497,Simple Reflection,2
2498,Simple Reflection,2
2499,Simple Reflection,2
2500,Simple Reflection,2
2501,Simple Reflection,3
2502,Understanding,2
2503,Simple Reflection,3
2504,Simple Reflection,2
2505,Critical Reflection,4
2506,Simple Reflection,2
2507,Simple Reflection,2
2508,Simple Reflection,3
2509,Simple Reflection,2
2510,Simple Reflection,2
2511,Simple Reflection,2
2512,Simple Reflection,3
2513,Simple Reflection,2
2514,Simple Reflection,2
2515,Simple Reflection,3
2516,Understanding,2
2517,Simple Reflection,2
2518,Critical Reflection,3
2519,Simple Reflection,2
2520,Understanding,2
2521,Simple Reflection,2
2522,Simple Reflection,2
2523,Simple Reflection,2
2524,Simple Reflection,2
2525,No-Reflection,2
2526,Simple Reflection,2
2527,Simple Reflection,2
2528,Simple Reflection,3
2529,Critical Reflection,4
2530,Simple Reflection,2
2531,Simple Reflection,3
2532,Simple Reflection,2
2533,Understanding,2
2534,Simple Reflection,1
2535,Simple Reflection,1
2536,Simple Reflection,3
2537,Simple Reflection,2
2538,Simple Reflection,3
2539,Simple Reflection,2
2540,Simple Reflection,2
2541,Simple Reflection,2
2542,Simple Reflection,2
2543,Simple Reflection,2
2544,Simple Reflection,2
2545,Simple Reflection,2
2546,Simple Reflection,3
2547,Simple Reflection,2
2548,Simple Reflection,2
2549,Simple Reflection,3
2550,Simple Reflection,2
2551,Simple Reflection,2
2552,Simple Reflection,2
2553,Simple Reflection,2
2554,Understanding,2
2555,Simple Reflection,2
2556,Simple Reflection,3
2557,Simple Reflection,3
2558,Simple Reflection,2
2559,Simple Reflection,3
2560,Understanding,2
2561,Simple Reflection,3
2562,Simple Reflection,3
2563,Simple Reflection,2
2564,Understanding,2
2565,Simple Reflection,4
2566,Simple Reflection,2
2567,Critical Reflection,2
2568,Simple Reflection,2
2569,Simple Reflection,2
2570,Simple Reflection,4
2571,Simple Reflection,3
2572,Understanding,2
2573,Simple Reflection,2
2574,Simple Reflection,4
2575,Simple Reflection,2
2576,Simple Reflection,3
2577,Simple Reflection,2
2578,Simple Reflection,2
2579,Simple Reflection,2
2580,Understanding,2
2581,Understanding,2
2582,Simple Reflection,2
2583,Simple Reflection,2
2584,Simple Reflection,2
2585,Simple Reflection,3
2586,Simple Reflection,3
2587,Understanding,1
2588,Simple Reflection,2
2589,Simple Reflection,3
2590,Simple Reflection,2
2591,Understanding,2
2592,Critical Reflection,4
2593,Simple Reflection,2
2594,Understanding,2
2595,No-Reflection,1
2596,Critical Reflection,2
2597,Simple Reflection,2
2598,Critical Reflection,3
2599,Simple Reflection,3
2600,Simple Reflection,2
2601,Simple Reflection,2
2602,Simple Reflection,2
2603,Simple Reflection,2
2604,Understanding,2
2605,Simple Reflection,2
2606,Simple Reflection,2
2607,Simple Reflection,2
2608,Simple Reflection,2
2609,Understanding,2
2610,Simple Reflection,2
2611,Simple Reflection,2
2612,Simple Reflection,3
2613,Understanding,1
2614,Simple Reflection,2
2615,Simple Reflection,2
2616,Simple Reflection,2
2617,Understanding,2
2618,Simple Reflection,2
2619,Simple Reflection,2
2620,Simple Reflection,3
2621,Simple Reflection,2
2622,Understanding,2
2623,Simple Reflection,2
2624,Simple Reflection,3
2625,Simple Reflection,2
2626,Simple Reflection,2
2627,Understanding,2
2628,Simple Reflection,2
2629,Understanding,2
2630,Critical Reflection,3
2631,Simple Reflection,2
2632,Simple Reflection,2
2633,Simple Reflection,2
2634,Simple Reflection,3
2635,Simple Reflection,2
2636,Simple Reflection,2
2637,Simple Reflection,2
2638,Simple Reflection,2
2639,No-Reflection,2
2640,Simple Reflection,2
2641,Simple Reflection,2
2642,Simple Reflection,3
2643,Simple Reflection,3
2644,Simple Reflection,2
2645,Simple Reflection,2
2646,Simple Reflection,2
2647,Simple Reflection,2
2648,Simple Reflection,2
2649,Understanding,2
2650,Simple Reflection,2
2651,Simple Reflection,2
2652,Understanding,2
2653,Simple Reflection,2
2654,Simple Reflection,3
2655,Simple Reflection,2
2656,Simple Reflection,2
2657,Critical Reflection,2
2658,Simple Reflection,2
2659,Simple Reflection,3
2660,Simple Reflection,2
2661,Simple Reflection,2
2662,Simple Reflection,2
2663,Simple Reflection,3
2664,Simple Reflection,2
2665,Understanding,2
2666,Simple Reflection,2
2667,Simple Reflection,2
2668,Simple Reflection,2
2669,Simple Reflection,2
2670,Simple Reflection,2
2671,Simple Reflection,2
2672,Simple Reflection,2
2673,Simple Reflection,3
2674,Simple Reflection,2
2675,Simple Reflection,2
2676,Simple Reflection,2
2677,Simple Reflection,3
2678,Simple Reflection,3
2679,Simple Reflection,2
2680,Simple Reflection,2
2681,Simple Reflection,2
2682,Simple Reflection,2
2683,Understanding,2
2684,Simple Reflection,2
2685,Critical Reflection,2
2686,Simple Reflection,2
2687,Critical Reflection,3
2688,Simple Reflection,2
2689,Understanding,2
2690,Understanding,2
2691,Simple Reflection,2
2692,Simple Reflection,2
2693,Simple Reflection,2
2694,Simple Reflection,4
2695,Simple Reflection,3
2696,Simple Reflection,3
2697,Simple Reflection,3
2698,Simple Reflection,2
2699,Simple Reflection,2
2700,Simple Reflection,2
2701,Simple Reflection,2
2702,Simple Reflection,3
2703,Simple Reflection,2
2704,Simple Reflection,2
2705,Simple Reflection,2
2706,Simple Reflection,3
2707,Simple Reflection,2
2708,Simple Reflection,2
2709,Simple Reflection,2
2710,Simple Reflection,2
2711,Critical Reflection,2
2712,Simple Reflection,2
2713,Simple Reflection,2
2714,Simple Reflection,2
2715,Simple Reflection,3
2716,Simple Reflection,2
2717,Simple Reflection,2
2718,Simple Reflection,2
2719,Simple Reflection,2
2720,Simple Reflection,3
2721,Understanding,2
2722,Simple Reflection,2
2723,Critical Reflection,3
2724,Simple Reflection,2
2725,Simple Reflection,3
2726,Simple Reflection,2
2727,Simple Reflection,2
2728,Critical Reflection,3
2729,Simple Reflection,2
2730,No-Reflection,2
2731,Simple Reflection,2
2732,Understanding,2
2733,Simple Reflection,2
2734,Simple Reflection,2
2735,Simple Reflection,2
2736,Understanding,2
2737,Simple Reflection,2
2738,Simple Reflection,3
2739,Simple Reflection,2
2740,Understanding,2
2741,No-Reflection,2
2742,Simple Reflection,2
2743,Simple Reflection,2
2744,Simple Reflection,2
2745,Simple Reflection,2
2746,Understanding,2
2747,Simple Reflection,2
2748,Understanding,2
2749,Simple Reflection,2
2750,Simple Reflection,2
2751,Critical Reflection,2
2752,Simple Reflection,2
2753,Simple Reflection,3
2754,Simple Reflection,2
2755,Simple Reflection,2
2756,Simple Reflection,2
2757,Simple Reflection,2
2758,Simple Reflection,2
2759,Simple Reflection,2
2760,No-Reflection,1
2761,Simple Reflection,3
2762,Understanding,2
2763,Simple Reflection,2
2764,Understanding,2
2765,Critical Reflection,2
2766,Simple Reflection,2
2767,Simple Reflection,3
2768,Simple Reflection,2
2769,Simple Reflection,3
2770,Simple Reflection,2
2771,Simple Reflection,2
2772,Simple Reflection,2
2773,Simple Reflection,2
2774,Understanding,2
2775,Simple Reflection,2
2776,Understanding,2
2777,Understanding,1
2778,Understanding,2
2779,Understanding,2
2780,Simple Reflection,2
2781,Simple Reflection,3
2782,Simple Reflection,2
2783,No-Reflection,2
2784,Simple Reflection,2
2785,Simple Reflection,2
2786,Simple Reflection,2
2787,Simple Reflection,1
2788,No-Reflection,1
2789,Simple Reflection,2
2790,Simple Reflection,2
2791,Simple Reflection,2
2792,Simple Reflection,2
2793,Simple Reflection,3
2794,Critical Reflection,3
2795,Simple Reflection,3
2796,Simple Reflection,2
2797,Simple Reflection,2
2798,Critical Reflection,2
2799,Understanding,1
2800,Simple Reflection,2
2801,Simple Reflection,2
2802,Simple Reflection,3
2803,Simple Reflection,2
2804,Simple Reflection,2
2805,Understanding,2
2806,Simple Reflection,3
2807,Simple Reflection,2
2808,Simple Reflection,2
2809,Understanding,2
2810,Understanding,1
2811,Simple Reflection,2
2812,Simple Reflection,3
2813,Simple Reflection,2
2814,Simple Reflection,2
2815,Simple Reflection,2
2816,Simple Reflection,2
2817,Critical Reflection,4
2818,Simple Reflection,1
2819,Simple Reflection,3
2820,Understanding,2
2821,Understanding,1
2822,Simple Reflection,2
2823,Simple Reflection,2
2824,Simple Reflection,2
2825,Simple Reflection,3
2826,Simple Reflection,2
2827,Simple Reflection,2
2828,Simple Reflection,2
2829,Simple Reflection,2
2830,Simple Reflection,3
2831,Simple Reflection,2
2832,Simple Reflection,2
2833,Simple Reflection,3
2834,Simple Reflection,3
2835,Simple Reflection,2
2836,Simple Reflection,2
2837,Simple Reflection,2
2838,Simple Reflection,3
2839,Simple Reflection,2
2840,Simple Reflection,2
2841,Simple Reflection,2
2842,Simple Reflection,4
2843,Understanding,2
2844,Critical Reflection,3
2845,Simple Reflection,1
2846,Simple Reflection,3
2847,Simple Reflection,2
2848,Simple Reflection,3
2849,Simple Reflection,3
2850,Understanding,2
2851,Simple Reflection,1
2852,Simple Reflection,3
2853,Simple Reflection,3
2854,Simple Reflection,2
2855,Simple Reflection,2
2856,Simple Reflection,3
2857,Simple Reflection,2
2858,Simple Reflection,2
2859,Simple Reflection,2
2860,Simple Reflection,2
2861,Simple Reflection,2
2862,Simple Reflection,2
2863,Simple Reflection,2
2864,Understanding,2
2865,Simple Reflection,2
2866,Simple Reflection,2
2867,Understanding,2
2868,Simple Reflection,2
2869,Simple Reflection,2
2870,Simple Reflection,2
2871,Simple Reflection,4
2872,Simple Reflection,2
2873,Simple Reflection,2
2874,Simple Reflection,2
2875,Critical Reflection,4
2876,Understanding,1
2877,Simple Reflection,3
2878,Simple Reflection,4
2879,Simple Reflection,2
2880,Simple Reflection,3
2881,Simple Reflection,2
2882,Understanding,1
2883,Simple Reflection,3
2884,Simple Reflection,2
2885,Understanding,2
2886,Simple Reflection,2
2887,Simple Reflection,2
2888,Simple Reflection,2
2889,Understanding,2
2890,Simple Reflection,2
2891,Simple Reflection,2
2892,No-Reflection,1
2893,Simple Reflection,2
2894,Simple Reflection,2
2895,Simple Reflection,2
2896,Understanding,1
2897,Understanding,3
2898,Understanding,2
2899,Simple Reflection,2
2900,Simple Reflection,2
2901,Simple Reflection,3
2902,Simple Reflection,2
2903,Understanding,2
2904,Simple Reflection,4
2905,Simple Reflection,2
2906,Simple Reflection,2
2907,No-Reflection,1
2908,Simple Reflection,2
2909,Understanding,2
2910,Simple Reflection,2
2911,Understanding,3
2912,Understanding,2
2913,Understanding,1
2914,Simple Reflection,2
2915,Simple Reflection,2
2916,Simple Reflection,2
2917,Simple Reflection,2
2918,Critical Reflection,3
2919,Understanding,1
2920,Simple Reflection,2
2921,Critical Reflection,3
2922,Simple Reflection,4
2923,Understanding,2
2924,Simple Reflection,2
2925,Simple Reflection,2
2926,Critical Reflection,2
2927,Simple Reflection,2
2928,Simple Reflection,2
2929,Simple Reflection,3
2930,Simple Reflection,2
2931,Simple Reflection,2
2932,Simple Reflection,2
2933,Simple Reflection,2
2934,Simple Reflection,2
2935,Simple Reflection,3
2936,Understanding,2
2937,Simple Reflection,2
2938,Understanding,2
2939,Simple Reflection,2
2940,Simple Reflection,2
2941,Simple Reflection,1
2942,Simple Reflection,2
2943,Simple Reflection,3
2944,Simple Reflection,2
2945,Simple Reflection,2
2946,Simple Reflection,4
2947,Simple Reflection,3
2948,Simple Reflection,2
2949,No-Reflection,1
2950,Simple Reflection,2
2951,Simple Reflection,3
2952,Simple Reflection,3
2953,Simple Reflection,2
2954,No-Reflection,2
2955,Simple Reflection,2
2956,Simple Reflection,3
2957,Understanding,1
2958,Simple Reflection,3
2959,Simple Reflection,2
2960,Simple Reflection,2
2961,Simple Reflection,2
2962,Simple Reflection,2
2963,Simple Reflection,3
2964,Simple Reflection,2
2965,Simple Reflection,3
2966,Simple Reflection,3
2967,Simple Reflection,2
2968,Simple Reflection,1
2969,Simple Reflection,3
2970,Simple Reflection,2
2971,Simple Reflection,2
2972,Simple Reflection,3
2973,Simple Reflection,2
2974,Simple Reflection,2
2975,Simple Reflection,2
2976,Simple Reflection,4
2977,Simple Reflection,1
2978,Simple Reflection,2
2979,Simple Reflection,2
2980,Simple Reflection,2
2981,Simple Reflection,4
2982,Critical Reflection,3
2983,Simple Reflection,2
2984,Simple Reflection,2
2985,Simple Reflection,3
2986,Simple Reflection,2
2987,Critical Reflection,3
2988,Simple Reflection,1
2989,Simple Reflection,1
2990,Simple Reflection,1
2991,Simple Reflection,3
2992,Simple Reflection,3
2993,Simple Reflection,3
2994,Simple Reflection,2
2995,Simple Reflection,2
2996,Simple Reflection,2
2997,Simple Reflection,2
2998,Simple Reflection,3
2999,Simple Reflection,3
3000,Simple Reflection,2
3001,Simple Reflection,2
3002,Simple Reflection,3
3003,No-Reflection,1
3004,Understanding,2
3005,Simple Reflection,2
3006,Understanding,2
3007,Simple Reflection,2
3008,Simple Reflection,2
3009,Simple Reflection,2
3010,Understanding,2
3011,Simple Reflection,2
3012,Simple Reflection,1
3013,Simple Reflection,2
3014,Simple Reflection,2
3015,Simple Reflection,2
3016,Understanding,2
3017,Critical Reflection,3
3018,Simple Reflection,2
3019,Simple Reflection,2
3020,Simple Reflection,2
3021,Simple Reflection,2
3022,Simple Reflection,2
3023,Simple Reflection,1
3024,Simple Reflection,2
3025,Simple Reflection,3
3026,Simple Reflection,2
3027,Simple Reflection,3
3028,No-Reflection,2
3029,Simple Reflection,2
3030,Understanding,2
3031,Simple Reflection,3
3032,Simple Reflection,3
3033,Simple Reflection,2
3034,Simple Reflection,3
3035,Simple Reflection,2
3036,Understanding,2
3037,Simple Reflection,2
3038,Simple Reflection,1
3039,Simple Reflection,2
3040,Simple Reflection,1
3041,Simple Reflection,2
3042,Simple Reflection,3
3043,Simple Reflection,3
3044,Simple Reflection,2
3045,Simple Reflection,2
3046,Simple Reflection,2
3047,Simple Reflection,3
3048,Simple Reflection,2
3049,Critical Reflection,4
3050,Simple Reflection,2
3051,Simple Reflection,2
3052,Simple Reflection,2
3053,Simple Reflection,2
3054,Understanding,2
3055,Simple Reflection,2
3056,Simple Reflection,2
3057,Simple Reflection,4
3058,Simple Reflection,3
3059,Simple Reflection,2
3060,Simple Reflection,2
3061,Simple Reflection,3
3062,Simple Reflection,3
3063,Simple Reflection,2
3064,Simple Reflection,4
3065,Simple Reflection,3
3066,Simple Reflection,2
3067,Simple Reflection,2
3068,Simple Reflection,2
3069,Simple Reflection,2
3070,Simple Reflection,2
3071,Simple Reflection,2
3072,Simple Reflection,3
3073,Simple Reflection,2
3074,Simple Reflection,2
3075,Understanding,2
3076,Simple Reflection,2
3077,Simple Reflection,2
3078,Simple Reflection,2
3079,Simple Reflection,1
3080,Simple Reflection,2
3081,Simple Reflection,3
3082,Simple Reflection,2
