gad7_score,anxiety_symptoms,depression_symptoms,preclass_activities_weekly_session_counts_entropy,weekly_session_proportions_mad,engagement_duration_in_dialogic_sessions,reflective_responses_frequency,regularity_in_summative_exercises_and_course_videos,preclass_activities_weekdays_engagement_pattern_change_frequency,weekly_active_day_counts_entropy,above_average_session_before_midterm_week_counts,premidterm_active_days_in_top_quartile_week_counts,preclass_activities_weekly_summative_exercises_entropy,preclass_activities_weekly_course_videos_entropy,preclass_activities_weekly_course_ebook_access_entropy,formative_mcq_solution_requests_entropy,preclass_activities_learning_resource_use_pattern_change,high_engagement_with_summative_exercises_week_counts,baseline_resilience,emotional_reaction_to_feedback,feedback_seeking_behaviour,total_login_counts,weekly_login_frequency,dialogic_agent_interaction_counts,wearables_session_counts,content_page_duration,content_engagement_aggregated,assessment_time_spent,media_playback_time,total_engagement_time_with_dialogic_agent,social_connectedness,social_interaction_frequency,discussion_forum_post_counts,discussion_forum_post_response_counts,social_events_attended_counts,social_sports_clubs_participation,general_relationship_satisfaction,lack_of_companionship_feeling_frequency,left_out_feeling_frequency,social_reciprocity_frequency,communication_patterns,weekly_maxsumsteps,weekly_minsumsteps,weekly_avgsumsteps,weekly_mediansumsteps,weekly_stdsumsteps,weekly_sumsteps,weekly_countepisodesedentarybout,weekly_sumdurationsedentarybout,weekly_maxdurationsedentarybout,weekly_mindurationsedentarybout,weekly_avgdurationsedentarybout,weekly_stddurationsedentarybout,weekly_countepisodeactivebout,weekly_sumdurationactivebout,weekly_maxdurationactivebout,weekly_mindurationactivebout,weekly_avgdurationactivebout,weekly_stddurationactivebout,sleep_countepisode,sleep_sumduration,sleep_maxduration,sleep_minduration,sleep_avgduration,sleep_medianduration,sleep_stdduration,firstwaketime,lastwaketime,firstbedtime,lastbedtime,avgefficiency,sumdurationafterwakeup,sumdurationasleep,sumdurationawake,sumdurationtofallasleep,sumdurationinbed,avgdurationafterwakeup,avgdurationasleep,avgdurationawake,avgdurationtofallasleep,avgdurationinbed
Moderate,3,4,0.34,57.2,45,23,4,5,0.72,6,3,0.62,0.48,0.81,0.25,Sometimes,8,Medium,Positive,Often,45,5,20,15,25,200,60,120,180,3,5,10,8,3,Active,4,Sometimes,Rarely,Often,Open,12568,3750,6899,5274,2250,89675,47,4751,350,120,800,250,30,3354,181,60,222,46,30,2249,324,40,177,173,51,492,1198,70,492,83,299,2214,67,36,2476,392,73,283,64,377
Minimal,2,1,0.22,48.1,38,17,3,4,0.61,7,4,0.57,0.42,0.78,0.31,Often,7,High,Negative,Rarely,30,4,18,12,20,180,45,90,150,4,3,15,12,5,Moderate,5,Rarely,Never,Sometimes,Mixed,13324,3800,7011,5550,2321,91239,49,4861,365,130,820,235,34,3438,192,65,230,48,32,2437,326,44,191,187,53,493,1190,68,493,81,308,2374,72,36,2634,409,75,289,69,376
Mild,4,2,0.45,62.5,50,29,5,6,0.83,5,2,0.71,0.56,0.89,0.19,Rarely,9,Low,Positive,Sometimes,50,6,22,18,30,220,70,140,200,2,4,8,6,2,None,3,Often,Sometimes,Rarely,Reserved,12255,3900,6750,5125,2156,85198,45,4456,330,110,790,190,29,3210,177,58,212,42,28,2197,315,41,157,162,46,490,1177,64,490,82,291,2142,66,36,2394,390,72,277,66,372
Severe,5,5,0.28,53.7,42,20,4,5,0.68,6,3,0.55,0.39,0.75,0.28,Sometimes,6,High,Negative,Often,55,7,25,20,35,250,75,150,220,5,6,12,9,4,Active,5,Never,Rarely,Often,Open,14124,3955,7012,5680,2430,92699,48,4802,366,135,830,245,36,3489,197,67,235,49,29,2278,318,42,162,167,47,491,1184,61,491,80,279,2240,68,36,2470,395,71,286,64,376
Mild,3,3,0.39,59.3,47,25,4,4,0.77,7,4,0.66,0.51,0.83,0.29,Often,8,Medium,Positive,Rarely,40,5,19,14,27,190,55,110,170,1,2,5,4,1,None,2,Sometimes,Often,Sometimes,Mixed,12922,3700,6860,5370,2276,89096,46,4560,342,118,790,228,31,3300,187,59,224,47,27,2038,307,38,164,158,44,486,1175,67,486,79,266,1987,62,33,2238,365,68,279,72,382
Moderate,4,4,0.32,55.6,43,21,3,5,0.65,4,2,0.58,0.45,0.79,0.22,Rarely,5,High,Negative,Sometimes,35,4,17,11,22,170,50,100,160,3,4,9,7,3,Moderate,4,Rarely,Sometimes,Often,Open,13223,3822,6920,5302,2298,89127,47,4717,353,128,815,232,33,3425,190,63,231,48,33,2552,331,43,187,183,55,488,1182,66,488,81,316,2490,75,37,2773,427,77,305,70,372
Minimal,1,1,0.41,60.2,49,28,5,6,0.81,6,3,0.68,0.53,0.87,0.27,Sometimes,7,Low,Positive,Often,48,5,21,16,28,210,65,130,190,4,5,11,9,3,Active,5,Never,Rarely,Often,Open,12876,3925,6666,5320,2230,87228,44,4378,329,114,775,214,30,3168,178,56,215,43,26,2150,306,38,165,160,46,493,1179,63,493,82,281,2098,65,34,2345,386,72,278,67,366
Severe,5,5,0.36,58.1,46,24,4,4,0.74,5,2,0.61,0.47,0.82,0.24,Often,9,Medium,Negative,Sometimes,42,6,23,17,31,230,68,135,205,2,3,7,5,2,Moderate,3,Often,Sometimes,Rarely,Mixed,13666,3988,6755,5753,2467,92956,50,4904,375,141,845,252,37,3501,201,70,244,51,31,2419,325,40,168,163,49,497,1189,67,497,83,299,2370,72,36,2636,410,74,296,69,373
Moderate,3,3,0.29,52.4,40,19,3,5,0.63,7,4,0.56,0.41,0.77,0.26,Sometimes,6,High,Positive,Rarely,38,4,16,13,26,185,58,115,175,5,6,13,11,4,None,4,Sometimes,Rarely,Often,Reserved,12658,3801,6944,5298,2268,89428,46,4624,347,127,815,236,34,3350,187,61,228,47,35,2681,337,46,192,187,56,500,1200,64,500,83,312,2620,77,37,2909,445,80,306,70,374
Mild,2,2,0.38,57.8,48,26,4,5,0.79,4,2,0.64,0.49,0.85,0.23,Rarely,8,Low,Negative,Often,33,3,14,10,23,175,52,105,165,3,4,10,8,3,Active,4,Sometimes,Rarely,Often,Open,13123,3727,6898,5453,2266,89561,47,4758,356,131,825,232,34,3436,189,64,232,48,34,2569,334,43,190,186,55,498,1193,60,498,84,317,2518,76,37,2795,428,79,310,71,374
Severe,4,5,0.33,56.3,44,22,3,4,0.7,6,3,0.6,0.44,0.8,0.21,Sometimes,5,Medium,Positive,Sometimes,60,7,27,22,38,270,80,160,240,4,3,16,12,6,Moderate,5,Rarely,Never,Sometimes,Mixed,12456,3855,6721,5234,2198,87145,44,4389,332,117,780,210,30,3167,179,58,219,44,22,1844,298,35,164,157,43,486,1169,68,486,79,247,1806,58,31,2043,350,67,277,68,371
Minimal,1,1,0.44,61.7,51,30,5,6,0.85,5,2,0.7,0.55,0.88,0.2,Often,7,High,Negative,Rarely,65,8,30,24,40,300,85,170,260,2,5,8,6,2,None,3,Often,Sometimes,Rarely,Reserved,13987,3901,7000,5721,2419,92895,49,4825,361,136,831,249,35,3489,196,68,235,49,30,2317,322,41,164,163,47,490,1174,65,490,80,285,2274,69,35,2530,398,72,285,66,370
Moderate,3,4,0.31,54.5,41,20,4,5,0.67,7,4,0.57,0.4,0.76,0.3,Rarely,6,Low,Positive,Often,58,7,28,23,36,280,78,155,225,5,7,12,10,4,Active,5,Never,Rarely,Often,Open,13334,3782,6821,5256,2311,89145,46,4511,338,117,794,220,31,3206,183,57,216,45,31,2434,328,42,174,170,51,495,1191,64,495,82,304,2389,72,35,2652,405,74,291,69,374
Severe,5,5,0.37,56.9,45,23,3,4,0.73,6,3,0.59,0.46,0.81,0.25,Sometimes,8,Medium,Negative,Sometimes,52,6,24,19,33,240,72,145,215,1,3,6,5,2,None,2,Sometimes,Often,Sometimes,Mixed,13633,3750,6900,5332,2278,89201,47,4602,342,121,802,234,33,3302,187,62,228,47,25,1991,305,37,157,152,41,491,1182,66,491,79,259,1923,60,32,2166,359,64,273,74,366
Mild,2,3,0.3,53.1,39,18,4,5,0.64,5,2,0.54,0.38,0.78,0.32,Often,9,High,Positive,Rarely,47,5,20,15,29,200,62,125,185,3,4,9,7,3,Moderate,4,Rarely,Sometimes,Often,Open,12962,3854,6666,5323,2223,87224,44,4359,331,113,777,212,30,3166,177,56,214,43,27,2230,316,38,163,159,46,495,1175,67,495,79,284,2180,66,34,2430,396,73,279,65,370
Minimal,1,1,0.42,59.6,47,27,5,6,0.8,4,2,0.65,0.5,0.84,0.26,Rarely,7,Low,Negative,Often,31,4,15,12,24,175,48,95,155,4,6,11,9,4,Active,5,Never,Rarely,Often,Open,14000,3965,6988,5245,2313,90128,47,4701,351,122,816,240,34,3435,188,65,233,48,34,2610,330,45,189,184,56,492,1177,66,492,83,322,2542,75,37,2825,436,79,307,70,376
Mild,3,2,0.35,58.7,46,25,4,4,0.76,5,3,0.63,0.48,0.82,0.22,Sometimes,6,Medium,Positive,Sometimes,50,5,21,16,28,210,63,130,190,2,3,8,6,2,None,3,Often,Sometimes,Rarely,Reserved,12785,3652,6652,5198,2212,87195,43,4361,331,123,785,218,29,3198,178,59,221,45,29,2365,327,40,178,175,52,496,1184,65,496,83,305,2329,70,34,2584,405,74,291,68,370
Moderate,4,4,0.4,60.4,49,28,3,5,0.82,6,4,0.67,0.52,0.86,0.21,Often,8,High,Negative,Rarely,55,6,23,19,31,230,68,135,205,5,7,13,11,4,Moderate,4,Sometimes,Rarely,Often,Open,14423,3869,7032,5756,2436,93100,50,4902,371,141,835,251,36,3502,202,71,242,51,32,2473,333,42,183,179,52,497,1183,68,497,82,306,2429,73,36,2695,416,75,296,69,375
Severe,5,5,0.33,55.9,43,21,5,6,0.65,7,2,0.59,0.45,0.79,0.24,Sometimes,5,Low,Positive,Often,41,4,18,14,26,185,57,115,170,3,5,11,9,3,Active,4,Sometimes,Rarely,Often,Mixed,13248,3671,6882,5434,2281,89348,46,4623,347,126,802,232,34,3346,188,63,229,47,26,2195,312,38,166,163,46,488,1178,65,488,80,287,2139,65,34,2383,392,72,279,66,373
Minimal,2,1,0.39,57.2,48,26,4,4,0.78,4,3,0.64,0.49,0.83,0.28,Rarely,7,Medium,Negative,Sometimes,36,3,16,11,23,175,52,105,165,4,4,16,13,6,Moderate,5,Rarely,Never,Sometimes,Open,13614,3922,6822,5299,2281,89766,47,4755,357,129,818,238,35,3399,190,66,231,48,31,2490,325,42,171,166,52,496,1190,64,496,84,306,2438,73,36,2688,413,74,292,68,373
Moderate,3,3,0.32,54.4,42,19,3,5,0.69,5,2,0.55,0.41,0.77,0.27,Often,6,High,Positive,Rarely,63,8,29,23,39,290,82,165,250,2,6,9,7,3,None,3,Often,Sometimes,Rarely,Reserved,12856,4034,6600,5212,2203,87199,44,4392,334,114,783,213,30,3168,179,57,218,44,30,2249,324,40,177,173,51,492,1198,70,492,83,299,2214,67,36,2476,392,73,283,64,377
Mild,2,2,0.45,61.2,50,29,5,6,0.84,6,4,0.68,0.53,0.87,0.23,Sometimes,8,Low,Negative,Often,68,9,32,25,42,310,87,175,270,5,8,13,11,4,Active,5,Never,Rarely,Often,Open,13944,3545,7100,5600,2392,92888,50,4903,370,133,827,247,35,3466,197,67,234,50,32,2437,326,44,191,187,53,493,1190,68,493,81,308,2374,72,36,2634,409,75,289,69,376
Severe,4,5,0.31,56.1,41,22,4,5,0.68,7,3,0.61,0.47,0.82,0.25,Rarely,9,High,Positive,Sometimes,61,8,28,24,38,290,79,155,230,1,4,7,6,2,None,2,Sometimes,Often,Sometimes,Mixed,12555,3722,6722,5046,2148,86746,43,4311,321,112,787,203,28,3066,174,56,209,42,28,2197,315,41,157,162,46,490,1177,64,490,82,291,2142,66,36,2394,390,72,277,66,372
Minimal,1,1,0.38,58.3,47,24,3,4,0.75,4,2,0.56,0.42,0.78,0.31,Sometimes,7,Medium,Negative,Rarely,53,6,24,20,34,245,73,145,220,3,5,10,8,3,Moderate,4,Rarely,Sometimes,Often,Open,13798,3956,6945,5245,2275,89776,47,4592,341,128,812,233,32,3352,187,63,227,47,29,2278,318,42,162,167,47,491,1184,61,491,80,279,2240,68,36,2470,395,71,286,64,376
Mild,3,3,0.34,55.6,44,20,5,6,0.7,5,3,0.6,0.46,0.8,0.22,Often,6,Low,Positive,Often,48,5,21,16,29,205,64,130,195,4,6,12,10,5,Active,5,Never,Rarely,Often,Open,12568,3750,6899,5274,2250,89675,47,4751,350,120,800,250,30,3354,181,60,222,46,27,2038,307,38,164,158,44,486,1175,67,486,79,266,1987,62,33,2238,365,68,279,72,382
Moderate,4,4,0.41,60.1,49,27,4,4,0.77,6,4,0.65,0.5,0.84,0.27,Rarely,8,High,Negative,Sometimes,32,4,15,12,25,185,50,100,160,2,3,8,6,2,None,3,Often,Sometimes,Rarely,Reserved,13324,3800,7011,5550,2321,91239,49,4861,365,130,820,235,34,3438,192,65,230,48,33,2552,331,43,187,183,55,488,1182,66,488,81,316,2490,75,37,2773,427,77,305,70,372
Severe,5,5,0.36,57.7,45,23,3,5,0.72,7,2,0.58,0.44,0.79,0.3,Sometimes,5,Medium,Positive,Rarely,51,5,22,17,29,215,64,130,195,5,8,14,12,4,Moderate,4,Sometimes,Rarely,Often,Open,12255,3900,6750,5125,2156,85198,45,4456,330,110,790,190,29,3210,177,58,212,42,26,2150,306,38,165,160,46,493,1179,63,493,82,281,2098,65,34,2345,386,72,278,67,366
Mild,2,3,0.43,61.5,50,30,5,6,0.86,4,3,0.69,0.55,0.88,0.19,Often,7,Low,Negative,Often,56,6,24,20,32,235,69,140,210,3,5,12,9,3,Active,4,Sometimes,Rarely,Often,Mixed,14124,3955,7012,5680,2430,92699,48,4802,366,135,830,245,36,3489,197,67,235,49,31,2419,325,40,168,163,49,497,1189,67,497,83,299,2370,72,36,2636,410,74,296,69,373
Minimal,1,1,0.29,53.3,40,19,4,5,0.63,5,4,0.57,0.4,0.76,0.29,Rarely,6,High,Positive,Sometimes,43,4,19,15,27,195,58,115,175,4,4,17,13,7,Moderate,5,Rarely,Never,Sometimes,Open,12922,3700,6860,5370,2276,89096,46,4560,342,118,790,228,31,3300,187,59,224,47,35,2681,337,46,192,187,56,500,1200,64,500,83,312,2620,77,37,2909,445,80,306,70,374
Moderate,3,4,0.37,56.8,46,25,3,4,0.75,6,2,0.61,0.46,0.81,0.24,Sometimes,8,Medium,Negative,Often,37,3,17,11,24,180,53,105,165,2,7,9,7,3,None,3,Often,Sometimes,Rarely,Reserved,13223,3822,6920,5302,2298,89127,47,4717,353,128,815,232,33,3425,190,63,231,48,34,2569,334,43,190,186,55,498,1193,60,498,84,317,2518,76,37,2795,428,79,310,71,374
Severe,5,5,0.3,54.1,42,18,5,6,0.66,7,3,0.6,0.45,0.8,0.21,Often,9,High,Positive,Rarely,64,8,29,24,40,300,80,160,240,5,9,15,12,5,Active,5,Never,Rarely,Often,Open,12876,3925,6666,5320,2230,87228,44,4378,329,114,775,214,30,3168,178,56,215,43,22,1844,298,35,164,157,43,486,1169,68,486,79,247,1806,58,31,2043,350,67,277,68,371
Mild,2,2,0.4,59.3,48,26,4,4,0.79,4,4,0.66,0.51,0.85,0.23,Sometimes,7,Low,Negative,Sometimes,69,9,32,26,42,320,88,175,275,1,5,8,6,2,None,2,Sometimes,Often,Sometimes,Mixed,13666,3988,6755,5753,2467,92956,50,4904,375,141,845,252,37,3501,201,70,244,51,30,2317,322,41,164,163,47,490,1174,65,490,80,285,2274,69,35,2530,398,72,285,66,370
Minimal,1,1,0.35,58.3,45,24,3,5,0.74,5,2,0.58,0.43,0.79,0.26,Rarely,6,High,Positive,Often,62,8,28,24,39,295,80,160,240,3,6,11,9,4,Moderate,4,Rarely,Sometimes,Often,Open,12658,3801,6944,5298,2268,89428,46,4624,347,127,815,236,34,3350,187,61,228,47,31,2434,328,42,174,170,51,495,1191,64,495,82,304,2389,72,35,2652,405,74,291,69,374
Moderate,3,3,0.42,60.7,49,28,5,6,0.81,6,3,0.67,0.52,0.86,0.25,Often,8,Medium,Negative,Sometimes,54,6,24,20,35,250,74,150,225,4,7,13,10,6,Active,5,Never,Rarely,Often,Open,13123,3727,6898,5453,2266,89561,47,4758,356,131,825,232,34,3436,189,64,232,48,25,1991,305,37,157,152,41,491,1182,66,491,79,259,1923,60,32,2166,359,64,273,74,366
Severe,4,5,0.28,52.7,38,17,4,5,0.61,7,4,0.55,0.41,0.77,0.32,Rarely,9,High,Positive,Rarely,49,5,22,17,30,215,66,135,205,2,4,9,7,3,None,3,Often,Sometimes,Rarely,Reserved,12456,3855,6721,5234,2198,87145,44,4389,332,117,780,210,30,3167,179,58,219,44,27,2230,316,38,163,159,46,495,1175,67,495,79,284,2180,66,34,2430,396,73,279,65,370
Mild,2,3,0.39,57.5,47,26,3,4,0.77,5,2,0.63,0.48,0.82,0.27,Sometimes,7,Low,Negative,Often,34,4,16,12,25,190,52,105,165,5,9,16,13,5,Moderate,4,Sometimes,Rarely,Often,Open,13987,3901,7000,5721,2419,92895,49,4825,361,136,831,249,35,3489,196,68,235,49,34,2610,330,45,189,184,56,492,1177,66,492,83,322,2542,75,37,2825,436,79,307,70,376
Minimal,1,1,0.33,57.2,43,21,4,5,0.7,7,3,0.62,0.48,0.81,0.24,Rarely,9,High,Positive,Sometimes,52,5,23,18,31,225,67,135,210,3,6,13,10,4,Active,4,Sometimes,Rarely,Often,Mixed,13334,3782,6821,5256,2311,89145,46,4511,338,117,794,220,31,3206,183,57,216,45,29,2365,327,40,178,175,52,496,1184,65,496,83,305,2329,70,34,2584,405,74,291,68,370
Mild,3,2,0.36,58.9,46,25,3,4,0.76,5,2,0.57,0.43,0.78,0.29,Sometimes,7,Medium,Negative,Rarely,57,6,25,20,33,240,70,140,220,4,5,18,14,8,Moderate,5,Rarely,Never,Sometimes,Open,13633,3750,6900,5332,2278,89201,47,4602,342,121,802,234,33,3302,187,62,228,47,32,2473,333,42,183,179,52,497,1183,68,497,82,306,2429,73,36,2695,416,75,296,69,375
Moderate,4,4,0.32,56.5,44,19,5,6,0.72,6,3,0.61,0.47,0.79,0.21,Often,6,Low,Positive,Often,44,4,20,16,28,200,60,120,185,2,8,10,8,3,None,3,Often,Sometimes,Rarely,Reserved,12962,3854,6666,5323,2223,87224,44,4359,331,113,777,212,30,3166,177,56,214,43,26,2195,312,38,166,163,46,488,1178,65,488,80,287,2139,65,34,2383,392,72,279,66,373
Severe,5,5,0.39,61,48,28,4,4,0.78,7,4,0.66,0.52,0.83,0.26,Rarely,8,High,Negative,Sometimes,39,3,18,13,25,185,55,110,170,5,10,17,14,6,Active,5,Never,Rarely,Often,Open,14000,3965,6988,5245,2313,90128,47,4701,351,122,816,240,34,3435,188,65,233,48,31,2490,325,42,171,166,52,496,1190,64,496,84,306,2438,73,36,2688,413,74,292,68,373
Minimal,2,1,0.34,57.7,45,24,3,5,0.73,8,2,0.59,0.45,0.8,0.31,Sometimes,5,Medium,Positive,Rarely,66,8,30,25,40,310,85,170,260,1,6,9,7,2,None,2,Sometimes,Often,Sometimes,Mixed,12785,3652,6652,5198,2212,87195,43,4361,331,123,785,218,29,3198,178,59,221,45,24,2143,324,44,180,176,54,495,1179,67,495,82,303,2119,67,36,2375,391,74,294,70,375
Moderate,3,3,0.44,62.5,51,31,5,6,0.87,5,3,0.7,0.56,0.89,0.2,Often,7,Low,Negative,Often,71,9,33,27,43,330,90,180,280,3,7,12,9,4,Moderate,4,Rarely,Sometimes,Often,Open,14423,3869,7032,5756,2436,93100,50,4902,371,141,835,251,36,3502,202,71,242,51,27,2368,329,41,175,170,53,502,1192,63,502,81,309,2331,70,36,2596,401,74,296,68,377
Mild,2,2,0.3,54.5,41,20,4,5,0.64,6,4,0.58,0.41,0.77,0.3,Rarely,6,High,Positive,Sometimes,64,8,30,25,40,310,85,170,260,4,8,14,11,7,Active,5,Never,Rarely,Often,Open,13248,3671,6882,5434,2281,89348,46,4623,347,126,802,232,34,3346,188,63,229,47,30,2299,321,39,168,165,48,486,1176,64,486,83,295,2255,68,35,2515,394,73,287,66,371
Severe,4,5,0.38,57.8,47,26,3,4,0.76,7,2,0.62,0.47,0.82,0.25,Sometimes,8,Medium,Negative,Often,56,6,25,20,32,235,70,140,220,2,5,10,8,3,None,3,Often,Sometimes,Rarely,Reserved,13614,3922,6822,5299,2281,89766,47,4755,357,129,818,238,35,3399,190,66,231,48,33,2445,332,43,186,181,54,491,1181,66,491,83,312,2400,73,35,2670,411,75,294,67,373
Minimal,1,1,0.31,55.2,43,18,5,6,0.67,8,3,0.61,0.46,0.8,0.22,Often,9,High,Positive,Rarely,50,5,22,17,30,215,66,135,205,5,10,18,14,6,Moderate,4,Sometimes,Rarely,Often,Open,12856,4034,6600,5212,2203,87199,44,4392,334,114,783,213,30,3168,179,57,218,44,28,2169,311,40,154,158,47,487,1178,61,487,81,292,2130,65,36,2381,389,72,277,67,374
Mild,3,3,0.41,60.5,49,27,4,4,0.8,5,4,0.67,0.53,0.84,0.24,Sometimes,7,Low,Negative,Sometimes,53,6,23,19,32,240,70,140,210,3,7,14,11,4,Active,4,Sometimes,Rarely,Often,Mixed,13944,3545,7100,5600,2392,92888,50,4903,370,133,827,247,35,3466,197,67,234,50,29,2185,317,39,167,168,47,491,1182,65,491,80,280,2160,67,36,2420,394,72,285,66,371
Moderate,4,4,0.35,59,46,25,3,5,0.75,6,2,0.59,0.44,0.79,0.27,Rarely,6,High,Positive,Often,42,5,20,16,27,200,65,130,190,4,6,19,15,8,Moderate,5,Rarely,Never,Sometimes,Open,12555,3722,6722,5046,2148,86746,43,4311,321,112,787,203,28,3066,174,56,209,42,25,2064,305,37,152,157,45,494,1173,68,494,79,267,2020,62,34,2263,367,68,282,73,374
Severe,5,5,0.43,61.3,50,29,5,6,0.82,7,3,0.68,0.54,0.85,0.26,Often,8,Medium,Negative,Sometimes,47,5,20,17,28,210,63,125,185,2,9,11,9,4,None,3,Often,Sometimes,Rarely,Reserved,13798,3956,6945,5245,2275,89776,47,4592,341,128,812,233,32,3352,187,63,227,47,35,2546,335,44,183,180,55,499,1193,60,499,84,319,2487,76,37,2767,428,80,303,69,375
Minimal,3,2,0.29,53.5,39,18,4,5,0.62,8,4,0.56,0.42,0.78,0.33,Rarely,9,High,Positive,Rarely,39,4,18,15,26,195,58,115,175,5,11,19,15,7,Active,5,Never,Rarely,Often,Open,12899,4002,6576,5215,2197,87200,44,4410,332,114,783,216,30,3156,179,56,215,43,31,2295,320,40,163,162,48,491,1181,64,491,80,286,2278,69,35,2537,396,73,286,66,377
Moderate,4,4,0.4,58,48,27,3,4,0.78,6,2,0.64,0.49,0.83,0.28,Sometimes,7,Low,Negative,Often,58,7,26,21,35,260,75,150,225,3,5,10,8,3,Active,4,Sometimes,Rarely,Often,Open,13910,3546,7124,5610,2390,92879,51,4934,372,132,822,245,35,3456,197,66,236,51,33,2519,329,43,189,183,55,496,1192,68,496,81,312,2472,75,36,2734,419,77,300,70,376
Minimal,2,3,0.35,25.5,45,12,3,5,0.6,7,3,0.4,0.2,0.9,0.5,Often,8,High,Positive,Often,42,7,25,18,38,189,72,102,150,5,10,25,15,8,Active,5,Rarely,Sometimes,Often,Mixed,12580,3725,6725,5048,2150,86799,43,4333,322,113,783,203,28,3070,175,54,204,40,34,2675,331,45,191,185,57,488,1187,66,488,84,324,2617,77,37,2894,442,79,312,71,375
Mild,4,2,0.42,30.2,50,10,4,3,0.7,6,4,0.6,0.3,0.8,0.6,Sometimes,7,Medium,Negative,Sometimes,39,6,22,19,36,182,68,98,146,4,6,12,9,5,Moderate,4,Sometimes,Rarely,Sometimes,Open,13760,3957,6948,5248,2276,89779,48,4608,340,125,810,230,33,3348,186,68,224,49,23,1949,297,34,168,158,42,485,1169,65,485,79,249,1890,59,31,2139,359,66,276,70,373
Moderate,3,4,0.28,22.1,40,15,5,4,0.5,8,2,0.5,0.4,0.7,0.4,Rarely,9,Low,Positive,Rarely,45,8,27,17,40,200,75,108,156,3,4,9,5,3,None,3,Often,Rarely,Rarely,Reserved,12665,3748,6900,5284,2238,89769,48,4761,353,119,825,253,31,3360,180,59,229,48,28,2236,318,40,165,162,47,492,1180,68,492,80,283,2185,66,35,2434,397,71,277,65,373
Severe,5,5,0.48,28.6,55,8,2,6,0.8,5,5,0.7,0.5,0.6,0.7,Often,6,High,Positive,Often,47,7,30,20,42,210,80,115,164,2,2,5,3,2,None,2,Sometimes,Often,Rarely,Reserved,13325,3801,7019,5680,2315,91248,51,4875,369,133,822,238,36,3445,198,64,234,50,32,2376,331,42,170,167,51,491,1189,64,491,84,300,2304,71,35,2568,397,74,287,67,373
Minimal,1,2,0.39,26.4,48,11,3,4,0.6,7,3,0.4,0.2,0.9,0.5,Sometimes,8,Medium,Negative,Sometimes,33,5,20,16,30,150,60,85,125,1,8,15,10,6,Active,1,Never,Sometimes,Often,Mixed,12256,3921,6770,5163,2186,85200,46,4480,330,111,785,191,30,3220,180,58,211,43,26,2085,312,38,166,152,44,493,1181,64,493,79,260,2019,61,33,2257,359,64,268,74,372
Mild,3,3,0.31,24.8,42,14,4,5,0.7,6,4,0.6,0.3,0.8,0.6,Rarely,7,Low,Negative,Rarely,51,9,33,22,46,230,88,125,180,5,12,20,12,7,Moderate,4,Rarely,Often,Sometimes,Open,14100,3950,7020,5700,2420,92689,49,4928,368,133,831,245,36,3490,198,67,236,50,29,2205,318,40,156,163,46,496,1177,67,496,78,282,2180,65,34,2435,399,73,280,66,373
Moderate,4,4,0.45,27.3,52,9,2,3,0.5,8,2,0.5,0.4,0.7,0.4,Often,9,High,Positive,Often,37,6,24,20,34,170,65,92,140,3,5,10,6,4,None,3,Often,Sometimes,Often,Reserved,12940,3701,6840,5378,2277,89100,47,4588,347,112,790,230,32,3306,187,57,226,48,35,2399,330,45,181,178,55,490,1181,64,490,83,315,2359,74,36,2623,409,75,292,68,375
Severe,5,5,0.55,32.1,58,7,1,7,0.9,4,6,0.7,0.5,0.6,0.7,Sometimes,6,Medium,Negative,Sometimes,40,7,26,18,38,190,72,104,152,4,7,14,8,5,Active,5,Sometimes,Rarely,Often,Mixed,13224,3823,6925,5300,2300,89129,48,4762,355,124,815,235,32,3425,190,62,231,49,24,2240,318,42,174,163,53,493,1187,59,493,82,306,2210,67,34,2466,396,73,290,67,373
Mild,2,3,0.37,25.9,46,13,5,6,0.8,5,5,0.7,0.5,0.6,0.7,Rarely,8,Low,Positive,Rarely,44,8,28,19,40,200,76,110,158,2,3,6,4,2,None,2,Often,Rarely,Rarely,Reserved,12888,3912,6690,5330,2232,87230,45,4388,328,114,778,210,29,3169,179,54,206,41,22,2273,309,38,157,152,41,480,1177,68,480,80,267,2204,62,32,2396,351,67,274,68,360
Moderate,4,4,0.41,29.7,51,10,3,4,0.6,7,3,0.4,0.2,0.9,0.5,Often,7,High,Positive,Often,48,9,31,23,44,220,84,120,172,1,9,18,11,7,Moderate,3,Often,Sometimes,Often,Open,13665,3989,6760,5764,2470,92969,51,4928,374,140,841,251,37,3519,202,69,243,52,33,2312,326,42,182,177,53,491,1187,65,491,81,311,2274,72,35,2520,395,74,290,68,369
Minimal,1,1,0.32,23.5,43,14,4,5,0.7,6,4,0.6,0.3,0.8,0.6,Sometimes,8,Medium,Negative,Sometimes,35,5,21,17,32,160,62,88,130,5,11,22,13,8,Active,5,Sometimes,Rarely,Sometimes,Mixed,12659,3802,6970,5280,2250,89429,46,4632,348,126,819,238,34,3366,185,60,231,47,28,2366,330,41,174,173,49,497,1188,63,497,82,316,2305,70,35,2567,407,73,292,66,374
Severe,5,5,0.29,21.8,39,16,5,3,0.5,8,2,0.5,0.4,0.7,0.4,Rarely,9,Low,Positive,Rarely,49,9,32,21,44,220,85,122,175,4,5,11,7,4,Moderate,4,Rarely,Often,Often,Open,13125,3728,6894,5458,2290,89569,47,4759,358,132,827,234,34,3444,190,63,234,49,26,2195,312,38,166,163,46,488,1178,65,488,80,287,2139,65,34,2383,392,72,279,66,373
Moderate,3,4,0.47,27.8,54,8,2,4,0.6,7,3,0.4,0.2,0.9,0.5,Often,6,High,Positive,Often,38,6,25,19,36,185,70,100,148,3,7,13,8,6,None,3,Often,Sometimes,Rarely,Reserved,12458,3856,6722,5240,2192,87159,45,4398,331,116,786,212,30,3168,180,55,218,45,31,2490,325,42,171,166,52,496,1190,64,496,84,306,2438,73,36,2688,413,74,292,68,373
Minimal,2,1,0.38,25.1,47,12,3,5,0.7,6,4,0.6,0.3,0.8,0.6,Sometimes,7,Medium,Negative,Sometimes,42,7,26,18,38,190,72,104,152,2,4,8,5,3,None,2,Sometimes,Often,Sometimes,Open,13990,3902,6980,5702,2422,92899,50,4924,372,134,828,248,35,3498,197,66,235,50,24,2143,324,44,180,176,54,495,1179,67,495,82,303,2119,67,36,2375,391,74,294,70,375
Mild,3,3,0.36,24.3,41,15,4,6,0.8,5,5,0.7,0.5,0.6,0.7,Rarely,8,Low,Negative,Rarely,46,8,29,20,42,210,80,115,164,1,6,10,6,4,Active,1,Rarely,Sometimes,Often,Mixed,13344,3800,6825,5259,2315,89149,46,4513,340,119,791,221,31,3216,184,55,207,46,27,2368,329,41,175,170,53,502,1192,63,502,81,309,2331,70,36,2596,401,74,296,68,377
Severe,5,5,0.49,30.5,56,7,1,7,0.9,4,6,0.7,0.5,0.6,0.7,Often,9,High,Positive,Often,52,9,35,23,48,240,90,130,188,5,10,19,12,7,Moderate,5,Sometimes,Rarely,Often,Open,13635,3751,6902,5335,2280,89209,48,4608,341,123,800,235,33,3313,188,64,235,48,30,2299,321,39,168,165,48,486,1176,64,486,83,295,2255,68,35,2515,394,73,287,66,371
Mild,2,4,0.44,26.9,53,9,2,3,0.5,8,2,0.5,0.4,0.7,0.4,Sometimes,6,Medium,Negative,Sometimes,34,5,22,17,32,160,62,88,130,4,8,16,10,6,Active,3,Often,Sometimes,Sometimes,Reserved,12964,3859,6668,5325,2226,87229,45,4363,333,114,778,215,30,3156,178,55,214,42,33,2445,332,43,186,181,54,491,1181,66,491,83,312,2400,73,35,2670,411,75,294,67,373
Moderate,4,3,0.33,23.8,44,13,5,4,0.6,7,3,0.4,0.2,0.9,0.5,Rarely,7,Low,Positive,Rarely,41,7,25,19,38,190,72,104,152,3,5,11,7,5,None,4,Often,Rarely,Often,Open,14005,3968,6989,5251,2314,90138,48,4717,353,123,816,241,34,3430,187,60,234,49,28,2169,311,40,154,158,47,487,1178,61,487,81,292,2130,65,36,2381,389,72,277,67,374
Minimal,1,2,0.4,28.3,50,11,3,6,0.7,6,4,0.6,0.3,0.8,0.6,Often,8,High,Positive,Often,43,8,27,18,40,200,77,110,158,2,3,7,4,2,None,2,Often,Sometimes,Rarely,Reserved,12789,3658,6658,5203,2218,87205,44,4398,334,122,784,217,29,3203,179,58,220,44,29,2185,317,39,167,168,47,491,1182,65,491,80,280,2160,67,36,2420,394,72,285,66,371
Severe,5,5,0.3,24.5,40,16,4,5,0.5,8,2,0.5,0.4,0.7,0.4,Sometimes,9,Medium,Negative,Sometimes,36,6,23,18,36,180,68,98,146,1,7,13,8,6,Moderate,2,Sometimes,Often,Sometimes,Open,14429,3870,7034,5760,2440,93109,51,4930,373,142,836,252,37,3504,203,70,245,52,25,2064,305,37,152,157,45,494,1173,68,494,79,267,2020,62,34,2263,367,68,282,73,374
Moderate,3,4,0.46,27.6,55,8,2,7,0.8,5,5,0.7,0.5,0.6,0.7,Rarely,6,Low,Negative,Rarely,50,9,34,22,46,230,86,124,178,5,12,23,14,8,Active,4,Rarely,Sometimes,Often,Mixed,13250,3678,6885,5437,2284,89349,47,4628,348,128,805,233,34,3360,190,65,232,50,35,2546,335,44,183,180,55,499,1193,60,499,84,319,2487,76,37,2767,428,80,303,69,375
Mild,3,3,0.34,25.3,45,12,3,3,0.6,7,3,0.4,0.2,0.9,0.5,Often,7,High,Positive,Often,47,7,30,20,42,210,80,116,165,4,6,12,8,5,Moderate,3,Often,Rarely,Sometimes,Open,13620,3929,6825,5299,2284,89769,48,4764,356,130,820,235,35,3401,190,65,232,49,31,2295,320,40,163,162,48,491,1181,64,491,80,286,2278,69,35,2537,396,73,286,66,377
Minimal,2,1,0.52,31.2,52,10,4,4,0.7,6,4,0.6,0.3,0.8,0.6,Sometimes,8,Medium,Negative,Sometimes,37,6,24,19,34,170,66,94,142,3,4,8,5,3,None,5,Sometimes,Often,Sometimes,Open,13186,3782,7030,5376,2286,88351,45,4451,335,115,788,217,31,3204,180,56,216,43,33,2519,329,43,189,183,55,496,1192,68,496,81,312,2472,75,36,2734,419,77,300,70,376
Severe,5,5,0.27,22.5,38,15,5,5,0.5,8,2,0.5,0.4,0.7,0.4,Rarely,9,Low,Positive,Rarely,45,8,28,19,40,200,75,108,156,2,2,6,3,2,None,4,Often,Sometimes,Often,Reserved,13856,3684,7200,5552,2356,91578,49,4892,366,130,824,241,34,3412,194,62,230,48,34,2675,331,45,191,185,57,488,1187,66,488,84,324,2617,77,37,2894,442,79,312,71,375
Mild,2,4,0.5,29.2,57,7,1,6,0.8,5,5,0.7,0.5,0.6,0.7,Often,6,High,Positive,Often,33,5,20,16,30,150,60,85,125,1,8,16,10,7,Active,3,Sometimes,Often,Often,Mixed,13467,3772,7015,5282,2266,90203,47,4643,347,118,778,230,32,3286,188,63,230,47,23,1949,297,34,168,158,42,485,1169,65,485,79,249,1890,59,31,2139,359,66,276,70,373
Moderate,4,3,0.43,26.7,54,9,2,7,0.9,4,6,0.7,0.5,0.6,0.7,Sometimes,7,Medium,Negative,Sometimes,39,6,22,18,36,180,67,96,140,5,10,20,12,8,Moderate,5,Often,Rarely,Sometimes,Open,13005,3936,6876,5189,2214,88889,46,4522,342,118,787,215,30,3126,182,59,222,45,28,2236,318,40,165,162,47,492,1180,68,492,80,283,2185,66,35,2434,397,71,277,65,373
Minimal,1,2,0.39,25.8,46,13,3,4,0.6,7,3,0.4,0.2,0.9,0.5,Rarely,8,Low,Negative,Rarely,53,9,36,24,50,250,92,135,195,4,7,15,9,6,Active,4,Often,Sometimes,Often,Mixed,14100,3941,7124,5524,2360,93456,51,4963,375,135,833,245,36,3425,197,67,237,51,32,2376,331,42,170,167,51,491,1189,64,491,84,300,2304,71,35,2568,397,74,287,67,373
Moderate,3,4,0.31,23.7,42,14,4,5,0.7,6,4,0.6,0.3,0.8,0.6,Often,9,High,Positive,Often,31,5,19,15,28,140,55,80,120,3,5,10,6,4,None,2,Sometimes,Rarely,Rarely,Reserved,12678,3703,7003,5270,2240,87440,44,4433,334,113,780,214,29,3166,180,55,215,42,26,2085,312,38,166,152,44,493,1181,64,493,79,260,2019,61,33,2257,359,64,268,74,372
Mild,3,3,0.48,28.7,56,8,2,3,0.5,8,2,0.5,0.4,0.7,0.4,Sometimes,6,Medium,Negative,Sometimes,48,9,31,23,44,220,84,120,172,2,3,7,4,3,None,3,Often,Sometimes,Sometimes,Open,13325,3760,6960,5672,2315,90311,48,4689,349,125,810,237,33,3389,189,65,234,49,29,2205,318,40,156,163,46,496,1177,67,496,78,282,2180,65,34,2435,399,73,280,66,373
Severe,5,5,0.45,27.4,51,10,3,6,0.8,5,5,0.7,0.5,0.6,0.7,Rarely,7,Low,Positive,Rarely,43,8,27,18,40,200,76,108,156,1,9,18,11,7,Moderate,5,Sometimes,Rarely,Often,Mixed,12933,3564,6800,5308,2268,89356,46,4531,349,122,810,232,33,3322,187,59,228,48,35,2399,330,45,181,178,55,490,1181,64,490,83,315,2359,74,36,2623,409,75,292,68,375
Minimal,2,1,0.37,25.7,47,12,3,7,0.9,4,6,0.7,0.5,0.6,0.7,Often,8,High,Positive,Often,34,5,21,17,32,160,62,88,130,5,11,21,13,8,Active,3,Rarely,Sometimes,Sometimes,Reserved,13623,3876,6732,5219,2186,87245,45,4498,331,116,788,212,31,3199,181,58,217,44,24,2240,318,42,174,163,53,493,1187,59,493,82,306,2210,67,34,2466,396,73,290,67,373
Mild,2,4,0.41,29.8,53,9,2,4,0.6,7,3,0.4,0.2,0.9,0.5,Sometimes,7,Medium,Negative,Sometimes,52,9,35,23,48,240,90,130,188,4,6,13,9,5,Moderate,4,Often,Sometimes,Often,Open,14030,3941,7078,5572,2370,93032,50,4916,369,132,825,246,36,3478,199,67,236,50,22,2273,309,38,157,152,41,480,1177,68,480,80,267,2204,62,32,2396,351,67,274,68,360
Moderate,4,3,0.32,23.6,43,15,4,5,0.7,6,4,0.6,0.3,0.8,0.6,Rarely,8,Low,Negative,Rarely,40,7,26,18,38,190,72,104,152,3,4,9,5,3,None,2,Often,Rarely,Sometimes,Open,12489,3800,6782,5212,2152,84892,47,4473,328,110,784,192,31,3249,182,56,209,43,33,2312,326,42,182,177,53,491,1187,65,491,81,311,2274,72,35,2520,395,74,290,68,369
Severe,5,5,0.29,21.9,39,16,5,3,0.5,8,2,0.5,0.4,0.7,0.4,Often,9,High,Positive,Often,46,8,29,20,42,210,80,115,164,2,2,5,3,2,None,5,Sometimes,Often,Often,Open,14098,3911,7030,5630,2387,92930,48,4725,351,131,828,239,35,3441,199,68,235,50,28,2366,330,41,174,173,49,497,1188,63,497,82,316,2305,70,35,2567,407,73,292,66,374
Moderate,3,4,0.47,27.9,55,8,2,6,0.8,5,5,0.7,0.5,0.6,0.7,Sometimes,6,Medium,Negative,Sometimes,32,5,20,16,30,150,58,86,128,1,8,17,10,6,Active,4,Often,Sometimes,Rarely,Mixed,13256,3718,6890,5320,2283,89676,47,4593,345,121,798,236,32,3422,191,61,231,49,29,2128,310,40,152,156,47,489,1173,63,489,82,291,2067,67,34,2302,380,73,284,66,378
Minimal,1,2,0.38,25.2,48,11,3,7,0.9,4,6,0.7,0.5,0.6,0.7,Rarely,7,Low,Negative,Rarely,44,8,28,19,40,200,77,110,158,5,12,24,14,8,Moderate,3,Sometimes,Rarely,Sometimes,Open,13501,3791,6700,5288,2248,87530,45,4384,328,117,781,211,29,3186,177,54,207,41,31,2410,321,39,157,162,48,496,1183,67,496,81,304,2342,69,35,2596,404,74,284,67,381
Mild,3,3,0.54,30.5,55,11,3,3,0.6,7,3,0.5,0.4,0.8,0.5,Often,8,High,Positive,Sometimes,38,6,25,19,36,184,70,100,148,4,5,12,8,5,Active,5,Often,Sometimes,Often,Mixed,13721,3983,6785,5784,2490,95117,51,4978,375,141,830,249,37,3525,204,69,244,52,25,2193,314,41,165,168,50,498,1177,68,498,83,282,2110,68,35,2365,378,73,284,69,381
Severe,5,5,0.36,24.8,49,14,4,5,0.8,6,4,0.6,0.3,0.7,0.6,Rarely,7,Medium,Negative,Rarely,49,9,32,21,44,220,85,122,175,3,7,14,8,6,None,4,Often,Rarely,Sometimes,Open,12689,3822,7026,5380,2276,89912,47,4619,346,127,815,242,34,3445,189,60,233,48,27,2252,318,39,166,163,49,485,1181,63,485,80,290,2184,66,36,2441,386,74,278,67,376
Mild,2,4,0.42,28.3,52,10,2,4,0.7,5,5,0.7,0.5,0.6,0.7,Sometimes,9,Low,Negative,Often,35,5,21,17,32,160,63,88,131,2,4,9,5,3,None,3,Often,Sometimes,Sometimes,Reserved,13347,3768,6946,5482,2300,88808,46,4560,344,128,827,235,34,3334,192,63,235,49,30,2385,329,42,163,159,51,495,1179,66,495,85,314,2320,75,36,2580,399,75,281,66,379
Moderate,4,3,0.49,31.7,57,9,1,5,0.9,4,6,0.8,0.6,0.6,0.8,Often,6,High,Positive,Sometimes,41,7,25,19,38,190,71,104,153,1,6,11,6,4,Active,2,Sometimes,Often,Rarely,Open,12589,3846,6922,5410,2256,87261,45,4412,333,118,787,213,30,3198,181,57,216,45,34,2235,321,40,164,168,49,493,1182,64,493,81,291,2190,66,34,2447,389,72,288,67,376
Minimal,1,2,0.33,23.5,45,12,5,6,0.5,8,2,0.4,0.2,0.9,0.4,Often,7,Medium,Negative,Rarely,50,9,34,22,46,230,87,125,178,5,10,21,13,7,Moderate,4,Rarely,Often,Sometimes,Mixed,14120,3964,6978,5680,2382,93009,50,4934,370,136,834,246,36,3498,200,67,237,50,32,2300,317,38,168,164,48,488,1185,67,488,83,302,2240,70,34,2497,394,73,279,68,377
Severe,5,5,0.28,22.6,41,15,3,3,0.6,7,3,0.5,0.4,0.8,0.5,Sometimes,8,Low,Negative,Often,47,7,30,20,42,210,81,116,165,4,8,17,10,6,Active,3,Often,Sometimes,Often,Open,13564,3844,6829,5285,2321,89011,46,4543,341,119,791,222,31,3239,186,56,208,46,33,2195,312,38,160,165,47,500,1180,68,500,80,285,2147,68,35,2405,387,72,279,65,377
Moderate,3,4,0.44,29.2,53,11,2,4,0.7,6,4,0.6,0.3,0.7,0.6,Rarely,9,High,Positive,Sometimes,36,6,23,18,36,180,69,98,146,3,5,11,7,4,None,5,Sometimes,Rarely,Often,Open,13724,3751,6987,5405,2298,91248,47,4638,348,127,805,233,34,3362,189,64,233,49,36,2450,327,41,164,165,51,490,1186,65,490,83,313,2399,74,36,2666,412,76,292,68,375
Minimal,2,1,0.37,26.4,48,13,4,5,0.8,5,5,0.7,0.5,0.6,0.7,Often,6,Medium,Negative,Sometimes,51,9,33,22,46,230,88,126,180,2,3,7,4,3,None,4,Often,Sometimes,Sometimes,Reserved,13040,3920,6768,5364,2238,87289,45,4443,332,113,779,215,30,3138,180,55,215,41,31,2213,314,40,165,169,49,494,1181,63,494,81,297,2165,68,35,2427,390,74,283,66,377
Mild,3,3,0.51,32.1,56,10,1,6,0.9,4,6,0.8,0.6,0.6,0.8,Rarely,7,Low,Positive,Often,45,8,28,19,40,200,76,109,157,1,7,14,8,6,Moderate,2,Often,Sometimes,Rarely,Open,14105,3970,7003,5333,2307,92348,49,4892,370,133,822,246,35,3482,198,63,234,49,33,2398,330,42,171,170,53,487,1188,67,487,80,305,2348,72,35,2615,404,74,282,66,377
Severe,5,5,0.35,25.8,50,14,5,7,0.5,8,2,0.4,0.2,0.9,0.4,Sometimes,8,High,Positive,Rarely,55,10,38,25,50,250,94,136,197,5,11,22,13,8,Active,5,Sometimes,Often,Often,Mixed,12899,3698,6783,5251,2294,85882,46,4544,337,112,783,193,31,3283,184,57,210,44,35,2274,320,39,160,162,48,495,1175,65,495,83,301,2210,67,35,2476,396,72,282,65,373
Mild,2,4,0.53,30.8,54,12,2,3,0.6,7,3,0.5,0.4,0.8,0.5,Often,9,Medium,Negative,Sometimes,29,4,18,14,26,130,52,76,115,4,6,13,9,5,Moderate,3,Often,Rarely,Sometimes,Open,14489,3890,7054,5783,2445,93613,51,4966,374,143,836,253,37,3519,201,70,244,52,24,2184,311,41,146,169,45,497,1179,64,497,82,290,2110,66,33,2355,377,74,279,68,381
Moderate,4,3,0.3,23.2,42,16,3,4,0.7,6,4,0.6,0.3,0.7,0.6,Rarely,6,Low,Negative,Often,60,11,42,28,54,270,102,148,213,3,4,9,5,3,None,4,Often,Sometimes,Often,Open,13450,3708,6910,5487,2302,89612,47,4618,347,129,804,234,34,3387,191,65,233,50,29,2266,317,39,167,166,48,494,1182,68,494,80,299,2214,67,34,2461,392,73,285,67,380
Minimal,2,3,0.46,28.7,55,11,4,5,0.8,5,5,0.7,0.5,0.6,0.7,Sometimes,7,High,Positive,Sometimes,43,8,27,18,40,200,76,109,158,2,2,6,3,2,None,2,Sometimes,Rarely,Sometimes,Reserved,13753,3933,6962,5333,2290,89828,47,4656,351,128,820,236,35,3422,190,65,231,49,26,2315,314,42,158,164,47,501,1173,63,501,83,282,2265,69,35,2520,411,75,290,68,381
Mild,4,2,0.39,26.2,47,13,2,6,0.9,4,6,0.8,0.6,0.6,0.8,Often,8,Medium,Negative,Sometimes,39,7,24,20,36,180,71,100,149,1,8,16,10,7,Active,5,Often,Rarely,Sometimes,Mixed,13245,3856,7005,5378,2276,89593,49,4640,348,128,810,235,33,3415,194,64,233,49,29,2154,308,38,150,163,46,482,1178,61,482,79,276,2090,65,33,2320,385,71,278,64,377